Coluna1,Coluna2,Coluna3,Coluna4,Coluna5,Coluna6
3.79848367738017,7.18436601817589,2.6126695361346473,8.147187392185458,8.665364551568395,6.874000175092966
0.44044404819626126,2.558176041226017,9.465268732141773,4.332987891635844,0.42194227595590883,3.5430206966940014
3.4062857171600025,7.0593764463499795,9.426953336973458,2.387033458488305,8.380402782596454,7.04301028793031
0.201917365254356,3.3749865990724492,5.661622244738698,3.343628686657598,7.4042933779279165,2.6918048595848365
3.4387259028385717,8.045517464256761,4.610851563982758,1.9013294980517104,0.2782772036232184,9.994437641000225
8.538894896128484,1.134802361035796,5.213117078103097,9.015047566262513,6.666307467902563,5.769071946397478
5.322468138814854,3.3793344503658,6.134319351417904,0.8384686771674177,4.799968471115732,1.4979143225901836
2.0662199743513323,5.817702658430413,4.877491765785905,5.979435772886934,1.5825481550730003,3.224652818212145
6.382485537285004,7.086483677492138,2.9738814542208147,6.192064630082474,3.4919862245688438,9.322748134708123
2.075599528473279,6.141895340322845,5.714681519152465,8.504246794966562,4.00078290160495,6.698689804929555
7.615935027466117,2.30025348867418,6.048471176601363,9.46305351106846,1.7811201352659478,6.949883561323159
4.805923479361528,2.333652572393654,9.501825487862535,1.986385658359786,8.851875518734417,8.101383625104491
0.7953277638300216,7.23560528809728,2.9236278768805404,2.0592706828075746,7.575554576038303,8.51781645072902
6.435091156052069,3.557773152041653,7.2413286208557786,2.1824495135743582,0.7672003430416674,5.568468087221335
1.9872323834980643,4.421163328680159,9.361779279095032,0.34651320289515897,4.090159073797225,0.588934529353542
2.005444278230332,6.428209691033205,0.38518786422474194,4.4711170389409975,3.4945763863606505,0.5574340395316801
7.547488663822007,1.2167389400034123,1.0210629465510235,8.77495550980443,9.09749689607181,1.924101609957799
3.3621603834913416,8.75288291976389,3.5199164208039955,8.190820152281683,1.1034119456702396,2.8146050691364186
0.709525266265858,0.16318993244223812,4.307603790693152,7.146685515496852,0.8623719238246297,9.73292759158193
4.5250525109715065,5.509422498266106,2.1096923080665753,4.583416899939695,9.377503527588438,1.2931017039591852
4.254600030823981,4.584910654613891,9.209779882550958,8.984810880843503,0.12862283731832402,8.148719431804558
9.116954568902537,5.602698165662469,3.3335444989214658,0.09635560243141272,9.925542928260171,9.567565376688421
6.472762162337339,2.5110477588774724,7.816978738760493,1.2763447496969815,2.4413186337355732,0.45929119628043025
8.650012274567644,3.1054598344920423,2.1633154260571095,2.3985122922780966,4.071440815189549,0.8214710589177932
1.9644543875813325,7.64172712181737,4.499806175029207,7.362746103444527,8.500358429550506,8.66898013220933
7.06087608025285,3.9930550591331992,3.8952687399665553,7.07603408873069,4.648076235202345,8.645680773421251
2.1013705325361407,6.6453261858536905,8.229716429548894,8.483232472636445,0.8511717488819537,1.9520789581323583
9.230859047497367,0.026099548739644263,7.385590628410679,1.7873936403281099,9.397119016030555,7.989562754786837
3.6310481149236242,4.357705883655687,2.1795621196445056,7.4998372944897085,7.450132528055695,6.633409560153899
5.877644753802951,2.0010791107739623,1.9265821711349107,6.331451712485294,8.389979596566713,9.414686085131823
0.3649553097180491,0.859307980936691,8.209699039779096,9.635024426934992,7.162931022021459,7.5565900716272605
9.20071407806528,9.356620612667554,1.0496706380255727,4.381876739049909,3.5284989934923807,8.311693159241322
9.619952917045204,7.665344669100483,6.348823466788561,3.052325515444303,4.002775445801914,7.0557563048581775
3.5530063357075847,6.105619588722625,6.865929106169354,7.584541952111897,0.5572672167867154,4.137906651401884
6.117364438513811,6.3051467762567315,4.763989819838798,8.550862155951279,5.171306978391589,8.658058638452081
0.009057434410532084,4.763100092474764,8.245363765908353,5.682966343217509,6.644034916411056,7.914833984601691
0.9039759984888251,2.664252662984725,6.119970121809932,5.732871141866984,2.4294144980141996,5.677923732514245
6.653597004703707,8.177754486201568,6.636268394237729,3.1393890198244856,1.279764640758042,6.360741557269311
8.499560198876871,2.6390120677743067,0.4707168245360782,6.482486245603355,3.9880598712293924,4.871486243292196
7.634269702113873,9.7614134463694,2.499401234363745,6.854358938898142,9.349331558110764,7.914517951718651
0.95385473558806,0.19982339538544114,5.316432093992075,2.257985061279645,3.288474071383826,2.8777226243398424
0.387182511342945,1.2073191483931656,6.739797352442391,8.988786750255327,0.1562277122621769,7.764568876724121
5.946503117568607,8.72852026360535,4.957985419465675,5.925621404310734,5.637136630274377,5.796067406261072
3.698090211395122,1.3951379546335452,1.9037020749296774,2.2480638417361885,9.86865053663326,9.173588635496783
9.128850958984742,3.3330774157844045,9.20793697628106,1.4734271998326276,3.826443799788397,5.9626384080814185
1.9117074913423582,9.24750938729795,5.291064830331488,0.966310259989801,1.8040774280658944,1.990005738752051
7.912447346194979,9.810119897035253,1.9329803120301992,6.380426957847307,7.914829156233712,1.3427138668101035
6.601478473221252,9.681284084052523,0.873864678276427,7.823124660309784,3.5585625575203372,7.7771251500234975
0.7757650888351986,7.3216681553681315,8.090880899633358,7.959467179994696,0.19741967535447436,4.172919213514984
7.443410855028716,1.4624778706914687,9.188979787549723,1.8982645045552293,8.615328059065591,6.571799061404262
4.217742542843448,2.174279609505784,1.6002651403335477,6.070422830628699,3.6049217747113813,0.16996560023441298
5.628349903413699,7.534581080463281,5.353331510582765,9.961257689037579,4.332277488510123,9.519397052075877
0.2788135056616803,4.804050823689085,5.739230462034223,7.969362649434142,9.879169116113452,7.649704365544601
0.31759210603512944,4.215670659526799,7.832134919163617,0.2978507048184187,6.556486109165615,2.825974443769521
0.5767627178236434,8.216347490077492,8.619087944891787,8.944167938677548,6.945487120388667,0.7257774076290857
7.040298961546373,0.8202523522535876,1.1198469257644261,1.2769121154831253,4.5753769679860445,5.200584275414921
2.5649340847001967,5.38076359556894,1.824519170849701,5.546875028501017,6.254379024835571,3.404551343219413
3.3708577740878445,3.815754787233966,0.2828392404564728,6.426739802244822,6.7985646429306374,4.180814787735026
2.458783684746205,8.67333062314364,9.947350408253827,8.171876449524,4.955190145961723,1.543631052529234
2.1754458938981913,9.726507503572348,6.907581410813935,5.65852057003842,5.8879447528028,7.295323632646264
4.831515587672771,6.924238371269572,6.098129687235723,8.732492282348947,1.0687384982145332,2.7074652265173746
0.014986807306368588,2.4392560779668724,0.07211783501089197,8.726942744137581,3.2322281718843806,3.404293380700399
4.7080557991235805,3.2712352129843536,6.070291463199623,9.834671224573908,5.020032260055034,0.06967186737544595
2.8555757602700482,4.311308119249755,8.496970243671068,1.530044571644813,2.6225157928895984,8.462160227127342
4.820266536460737,2.364260236947845,1.7445638248222484,3.1758646759206166,6.583948991827016,2.4121082104130753
6.246949723414868,0.15177033702686527,7.8009738482250155,8.375400579074885,2.0896318201580266,2.544503928784585
4.701901814737894,5.431570925568902,5.955482716230076,3.176189326485609,3.561387357286405,6.013095917842489
4.7949737224042295,0.0035701124400000506,4.8949608858148865,2.9051869162377955,0.7901148943390646,0.5363158649236588
8.921160812170386,8.683177730543468,4.28282273995194,3.523598387688808,5.1309174208621835,4.035412334779332
4.76850917357046,4.564870918230658,9.865342050355574,7.949367415362953,7.854030074849558,9.942839382697974
8.369985861643523,8.812128775005306,1.0524860473732012,8.54420271873359,8.304085403356876,0.6416749302928793
4.108690694354574,1.985771362265274,4.353917825927849,1.9463662006362459,1.5052661987053295,7.207018126189584
3.4548161299185685,9.18985501743916,8.801615475766281,3.9509361513645382,6.70833974287781,0.6292271403742833
4.43108315842408,2.4540043036783263,6.320511939068597,1.3586783257072643,7.839554236931541,1.4348337075738304
2.6746964721301514,7.36260189875642,8.472855679386473,4.422309265354092,9.82514626800515,6.2194101249602864
1.6209653585411499,2.757711709942927,9.907553368002834,4.847582722766348,0.39925999783590793,9.918384735854254
1.5659336323022621,8.48911682025629,1.9737178003548772,1.9059154183514948,0.9347530511579616,2.8442734021638194
3.0187753150508723,2.187156230278171,2.754753784741246,2.9636766145318894,9.818528686994705,0.17531208578867918
2.8876106777651387,6.302642769220755,8.200239110784288,3.116356261416271,2.1449387194886036,7.39764855582013
9.865481874928095,1.0772999348123458,8.123330360151488,8.57400495350355,9.77935391787039,3.9181772603151033
6.066975085618996,1.298820980649431,3.8592647682131185,3.06302757667292,9.012429605795663,3.377184391972251
0.5132845642024497,2.4925012165423643,0.29682657116856026,5.294204167319183,4.10762967377278,3.022189221395739
3.9844975124659676,0.05377745444600124,0.7095100570550827,7.032150170140143,1.1179474153048696,1.123511950163536
8.674541233175654,4.301399478392545,0.4458237625047645,1.4988576394527564,1.3693010035555742,0.7262096945679586
4.79255901606734,7.216895225976421,5.097130162217047,6.940586977256479,0.9816326889262228,5.880198299925671
5.242394381635348,8.96542306069533,5.167298199103156,4.265110315582036,2.027651748154792,9.17210031488627
5.161665973719364,6.550869989841638,7.218053932509948,1.9017261676712904,3.3984039618583983,4.232768915346151
1.7592445289605563,1.875242114493496,3.9000484745134187,1.4706567499647416,1.9490701285853762,4.916536594147755
0.03514177503694982,2.8268196767463696,2.9796388850192947,2.2393313352123476,3.2736373968649923,6.731472824106605
0.2035892377370363,0.9700803537125635,8.504659491425565,7.973056941795214,0.2293427036622897,4.9351906762348445
3.2611704233195473,3.1703868636846333,3.3738949362585737,4.638334499160619,2.6103712239783947,6.4208272838155
3.8816798565353947,4.74696963836582,9.072852758329107,3.8287450100072595,9.892520334749062,4.917585425491698
0.8583419720387009,6.37457030594333,9.336193524286555,2.2716936405413337,2.7554538867722824,2.1882474077634795
4.256829121357488,8.833034035979654,9.27197632060634,1.1433695215281303,8.353639493713185,3.3620731917578874
0.0037587329042032547,7.224910702522652,7.425047054320864,1.6616311193092437,5.417727913767938,3.111971813030446
7.773276920602898,3.365012700338376,4.421442268486031,4.978867790898725,0.4540773713216484,9.570766547754584
2.219395760992712,4.088725470579526,1.1525539647625738,4.571228391083252,6.226929772922128,2.7035750376179877
1.6297995771612994,2.115655574641818,5.416688296789304,8.94891626534168,6.001748509280896,1.3504788460711703
6.1308246826385835,1.7313023501729174,9.530630025850517,9.78451721440035,7.569218646306006,4.8495962154113155
8.032575362060928,5.89743685836372,5.494385538472093,6.309139512752525,3.7071203187680157,4.7165115961392745
7.630199571866241,8.739217726641463,3.297510941274041,9.976046739109115,7.752914249525874,5.536541739050531
0.4761701379734473,7.198036903676116,6.777761869163078,0.7916914125211261,2.26520827112473,8.302251211494356
8.923673062410018,0.4797732661493215,9.760871686793472,1.4702012138817455,0.5365787711947956,6.390902016730397
7.789775009968386,5.596210769208633,6.501955530920021,3.422795384284462,6.036142936347525,5.505125384835194
4.023533373778657,7.652758202625334,0.7572025520595205,4.6315595228265956,7.59006025714247,2.252695489141201
9.402924738816758,2.0280706422161012,3.3572799347968294,0.17044442315083064,0.43903259622516955,6.077724345724949
1.9501397081561334,4.444948780681122,5.583080912108718,8.502009503894277,0.3878596842399751,2.5296716525327065
0.7510498036722724,1.1823187728033302,0.4697415144904027,5.228246443637323,5.519777193212009,8.031163384982339
4.8986844254298845,4.957693411433457,3.196718957246448,6.562475658301348,8.550003858728843,5.592870557838273
8.682954669281811,0.4187740475660462,9.670031525938196,2.9261359168011825,5.574298220521391,4.439427240419568
2.3847522902577314,6.496680070845451,2.489844154255282,6.599010621077483,8.126864462469689,2.126468636414516
0.4780553646661134,9.771012368044861,8.932606831041412,0.9380664876916922,5.653899954456216,3.2979408390049105
6.851754959103278,3.5801896246580087,1.6325472143522335,6.636505209802258,8.565476080156312,2.471324031536134
7.261721227671925,0.18009132709500442,9.299846158383648,9.343043033788593,5.473031601335647,9.236986482035958
0.18947708936515428,7.908216841071719,0.2437687261625987,6.789232883019983,2.954987858290762,3.5054446474868306
2.7413269963803346,0.7699319032183627,8.769309973871465,1.2736743254846372,7.384498303432334,6.328102781695445
9.004842127097556,0.33629182688649784,8.44033061563641,7.788992724341789,8.324961051687158,4.054031649785122
6.658638335201273,4.136164352340427,1.6373235949753817,3.979899355553649,4.198623634657616,0.12474968828821709
4.846537143860351,9.963183939844992,2.049781093139378,9.359677957680573,6.453432711341193,6.494530491875613
2.588031499399619,7.373947568141013,6.857105798720325,7.956348026951767,1.8291027541745808,6.378241426559854
2.031392353807661,1.3500122673235893,5.725722208493524,8.048191403557556,8.534560847620101,1.2998693478861523
5.376540907406532,5.435558873308479,6.051232825088975,5.3496807156658175,1.9823803335629175,1.3044727966366798
0.29102387478142644,4.376601092366041,8.884759163673511,0.7062197290750849,5.406613330324845,0.5448825259162948
6.959141124810239,1.9278456170073999,4.716018034151183,5.31307818788992,0.3400394616872382,3.4918446723099814
8.404840900993394,9.84313362620629,1.7150950483837346,0.8623766659368259,8.469919106900509,8.02046680139916
5.413264331477578,3.7012339657951276,4.984021502203366,8.377655270007772,9.656581363661736,7.015887301871658
3.563475051281694,6.357140752774399,6.20611315284168,3.9340758985046853,3.3889043981303537,6.365199475011069
5.950360064194188,5.038461353571305,1.611432916454486,4.101165024831616,2.2013052906156427,5.980112097488538
7.507126689665405,0.8353848738361302,2.5838532989117544,8.787689331680605,9.377751337280046,5.260788772562987
0.11787829592700527,5.239376774705253,8.188231466719742,5.411942129664808,6.318139395106938,1.6304110848135644
0.994334825608636,0.31971369470523703,3.6594237945537333,2.7058261020767524,8.578194093912074,2.866375416764644
8.2933716721931,8.46387415694939,1.529096861082816,2.8893956837805215,8.550237536944346,0.21430807809621144
5.465633980464993,6.497178625133969,4.024096116306134,7.930684524031904,6.377946960589909,6.396446699592078
9.11786378968699,0.16236667386415382,4.702754954667557,0.8748204454893005,7.004770465754053,2.929101482402685
5.676889074962147,6.671802076780593,4.077695760856415,9.55163957326347,9.156983166195756,2.863105439212521
8.87561622254641,6.837580127805332,4.29510570543277,8.958070206038084,6.278951867282915,7.359147724881515
2.7123632652026517,1.9797511001124057,0.1567079849965647,0.726841861088996,0.3401396872158313,4.50623533087686
9.777607226806873,9.208818612151376,2.5197973053601963,0.09555622648300122,9.58932408429234,1.7481716712996809
3.251455783174988,3.851321861100806,2.8632161603044493,2.340566385542963,6.357615401046136,7.874799965177228
5.124069731092183,3.343915457944359,2.7014970504329963,6.921497815361666,4.532613357592491,2.2435873157670336
2.0584847117394736,4.341026840254848,8.494504702103509,3.0224750440387593,2.157654073191143,0.002463359691126099
4.574021675359403,3.46544242275077,2.708464891589304,0.9812205042016231,8.724069257812484,5.6271237854180445
7.815940853824852,0.9345301943437834,0.45675041791917725,1.1718835872922018,5.345726486444146,8.545221688838735
8.09785220134501,5.530008725811207,0.7571713113115874,1.8137078847661903,3.809582888239974,4.255674679315597
5.369643219232113,4.235045238729384,2.45572974051616,1.8277630588862392,4.221751524768546,9.283441577495026
9.10316897371044,0.6990465953508185,4.154793048787921,6.006783546027109,1.0248742007403688,1.9329881614873978
0.3679988992992811,1.6453059476737952,1.001989202259942,9.963220825330659,7.365680657199347,0.4846980814746449
2.8633701141745083,8.231524416370098,9.440295989924838,6.80906540249071,3.972807899480877,7.488246389829069
7.335130684524992,3.381609900003979,0.6313596132531496,3.019057497569623,9.80957337906407,2.2138007900522325
8.465195444755544,9.989173602690562,7.7089603493043315,1.213881854891734,2.7710057162647606,7.256565513348873
7.250205242052042,1.794647760166893,1.7275310186725412,7.546628298477733,3.9509410205607076,6.363061407318394
3.3012985435328126,1.901002254411025,6.706000281939275,4.785100590384027,4.363210443622601,6.811743345397542
2.157842087989441,1.8796270117051095,8.293593240230997,9.839712684104075,5.47981799066645,9.161286398465283
0.7053540412201842,5.994491390309648,9.324351702919424,0.9351608645915133,2.8595058058053358,1.9576365477597535
9.447750312184418,0.9971590326726398,8.902875452561455,6.82796054997179,1.229424612710871,1.3331740173519524
7.285287079156218,8.89469323020233,1.5634515698802431,2.8428789843810707,6.239165192677374,5.5810126961985285
3.5188246685005478,6.39426644857503,5.442747827800601,7.7895713481047775,2.678029616930769,6.873788118641261
1.2195963801762055,1.4306626521132249,7.404647767999508,1.6868341353018157,2.2995394766819874,5.53702961186265
1.3987889906517037,8.58495696875463,1.2765178590645887,8.59876771230793,8.724466341566954,1.7080459679099325
2.4665679734044077,0.31446598898314804,0.09193734549756027,8.03959101009409,9.110105349768872,0.11045697371867669
0.8262217152769447,2.15478317983404,6.593431076891707,6.014961427160509,9.551023677001242,7.2997867600796145
0.9193304793992862,4.386342826839886,9.807183008449504,6.6173230532838145,2.6823285045066667,3.1571542640439256
8.533062167902477,7.716007044760214,0.3022583478425367,6.012033202878905,7.744053797773152,7.665069508918774
8.278569091459648,5.798760746806195,5.271519880664846,5.1541208698836005,7.803251242207768,3.20631559803617
5.910354201577711,4.752413402173927,4.49642461584808,7.090371064555228,6.764223243326124,4.52845085681194
1.40785484415612,3.580896748820189,7.509945454600528,3.410231080288715,5.236104258180463,0.4706155762343567
5.283990526425534,1.8813081252251729,8.815747128865466,9.637842749597482,0.48150216808333535,7.240172688515759
8.251329214783677,3.1020316963348704,9.271150134297667,6.1480563158351345,6.611299609094747,1.5784037942806428
5.303900774265317,9.067320639230665,6.905070760965026,6.017401419305417,6.925175010079922,3.379265717992891
2.6206218913911927,8.622242161087323,5.890239598868364,5.079414384686391,1.8828371056978488,8.54417645512031
9.43193638224829,2.2509275668657,3.4543184559921034,6.9538057051180155,4.538939376816896,4.143088349168117
6.204024062042955,9.074809191289214,6.860319590198398,7.990526513683399,9.660442188864858,3.7450479847378917
2.3004009446560305,7.250678371480845,7.790364914506458,1.7090063130702393,9.819316358605143,1.8640804934136523
9.386333694442277,3.038453854430314,6.82620641935207,6.633107078129219,6.692044234729027,1.6980537311161326
9.398738721409467,2.846025442923208,8.19752685890195,6.1945304268384795,7.2369232074638745,3.766791331494276
3.6484350979473437,8.90888169324341,3.214919071622596,2.646539068141519,8.775793596742608,2.998456750061995
6.775672433674815,7.455290806188862,8.070745047037708,3.608406563498993,7.200803195136788,9.927465215779206
0.7380424030634258,2.325263162916781,2.0373277874853555,2.483890514043021,5.467517336712674,6.826270607045268
7.0421277156731446,5.57120893369884,8.317638993415995,9.572085115085322,0.1636644142167043,8.902734954293889
8.713893836062196,6.0689934399837036,6.651762744258384,4.072122980336418,4.717917719470942,6.492648359375891
8.646189853554704,7.3739771376331555,4.570450260750015,0.5456970847769105,0.20414213041208273,7.355153272828573
7.248421862937229,6.505871495465048,8.798347137687353,2.0339722145340056,1.6885847699532142,5.656035168289074
1.3479123009478888,2.149633797369951,3.870983802871988,3.7467508545147608,5.339926494947257,9.63574223104745
7.190319241511567,7.124539222087279,5.318929635757444,2.1987774868049548,9.048528764111051,1.564114399562393
9.33821483585627,9.223102645487058,9.214720563031698,1.1509161651765132,2.9466223729672314,7.223114364825158
4.75446309223457,4.823727281070223,9.387804702092774,6.032902740316114,5.535078908187918,0.4960390442606566
8.595505957341931,1.741460357954524,8.762154765816216,2.3555551348969574,2.8338372220871735,7.661255893535336
2.3649403356810463,5.891694345567478,5.504845835089935,0.6455978558252218,1.4596709093497207,5.828783764884411
8.742428286155913,0.41808556745270287,1.0632000276793108,9.697230397873097,9.094450968390227,3.7292163561398386
2.4512624945764805,5.859104358116934,3.8371427118390597,4.056663123322538,6.786149034971452,6.100775723449954
4.872503209495652,5.565904810723979,9.508148762529308,5.921818775310811,3.4806783988348347,9.946396641116072
2.285980426934784,6.488841099112087,3.2284536991887967,5.377653973459632,0.17110111541952633,4.073129847895358
4.152161993450787,8.965938048646777,9.640368835976385,4.838821351229078,8.453400915129016,4.136181057018381
7.616219588304062,2.7046014193651557,9.171397125562585,2.716876483978088,6.031747880479427,1.736699598180873
6.449048233239746,2.835602900954659,4.026136134847515,4.851102062604948,2.334525684681401,6.90856435163142
9.325890532931405,7.963827239569005,7.434603952951414,4.078431692555171,3.973756678019832,3.592546606612234
4.054598363782405,5.80971690015798,8.981709843923511,2.910095091858782,9.258205783621477,8.79520126828685
9.82323476820574,1.2205077934810615,4.55210368885527,7.643010553835766,8.186225414238642,5.079143365643592
5.435291493291958,4.4013028779822765,5.068186492592127,7.135808528045416,1.8094932556985444,0.9510991700148341
5.546427146296224,9.4027015098618,7.89961045062885,9.857780385819767,0.43782387807204115,6.651918143523873
2.9059303319625407,5.337564118872924,1.1560163389083078,5.52742418668795,3.6141872628000513,8.412732977289002
9.323860478674774,8.773468379791225,2.2449586532137755,8.55365297080288,4.9052410307939915,0.25524757710580825
7.37061131272857,0.5555297985389107,7.481479100453434,1.9627471644527372,7.242868142431438,3.9959440027397672
9.263568669624034,3.021209201541607,2.222161366052293,8.86760469350983,2.9567965130396923,3.660889873854707
7.878671095483977,6.625181163463171,2.169644492968131,3.4056609055438147,6.285999117549529,9.927036168865461
0.4051111553006925,5.29168472630767,3.653005409821853,0.6026073768954054,2.0213827619560987,6.942018930626083
9.531865953094801,3.381854382171572,5.535384194770029,3.661276116993278,4.809922813641268,4.991892062636859
3.2541693091162696,2.1895896486171096,7.095609968313052,5.16108133197946,4.271794349034384,6.586625231289938
6.295166419853887,9.269684566942633,6.8321424783445694,8.768579147735373,0.9262464154090044,0.35202112775636785
9.628553850103078,3.743160907698384,8.21570616674465,7.5208102196580295,4.033423790668317,6.757279332959884
2.9495853686696014,5.434100488400082,8.04911595756467,1.1508606908798413,6.8293448540271475,7.697425382231473
9.748025112556446,5.775564804856913,0.4256005534858742,6.417261631478544,6.431425160777485,3.690183474638775
4.243545935809467,9.942986882997872,6.842998934569634,2.4805223093370063,7.578956810722312,8.61063261340347
3.8950864627060335,7.4464586359798615,5.2025755541886785,4.313965239770616,1.732506024197663,6.006812996131553
4.451436938406231,1.3062706614071051,2.628828683791844,9.468338019004838,3.5777456362525406,8.05164723213708
8.761354141797252,9.101640654192265,7.154803055093634,2.416772382642897,7.10803217205064,3.1734880276382773
2.066209214274531,7.703543312363081,9.71897322386986,2.4083994919408447,6.182691938907906,3.7889302552006523
4.464908248135294,0.9692884420505299,9.162522213438129,7.407529216623061,1.8289132951427867,1.0302606796819613
9.623046839740802,1.3154756863638273,1.96639618951149,4.278867964386377,0.252198681892718,2.2516282269455345
2.2202561667075074,9.596922556916223,7.196685220983544,9.442740857552726,4.7916386374553515,8.403257196740064
8.380370002793427,4.383128170176297,5.061361905096632,4.852884697066835,3.753891368583262,1.4686660291293774
8.792153057361308,7.898391687414501,2.880378787756098,7.752897424557572,0.9876134265264758,5.234638313301393
5.543734686599872,9.701817248563932,2.287489866908369,0.015631142237224616,0.664313720897074,6.11192526324985
4.021820601280055,9.163137895250799,4.081228893232506,8.177405606254476,7.906416095917182,0.1240690417452961
6.846464393490974,7.1957004756098915,3.1785099185855437,6.739654505903453,1.3455326853802274,8.222594305646277
5.441518934003385,4.777825007344562,1.9357044392025302,6.538703883139254,3.518451161901923,3.598985744420462
6.994721315236645,2.2803183568466157,6.57105835008272,9.900750272873303,0.3259229605423941,9.203566341987443
4.286426090417849,2.0513528440519213,3.07260122879173,7.696671663910215,7.846774450342053,3.0884216856000335
1.6995138666869836,1.971687043183582,1.469291864519302,6.6502403987218965,3.668731712480451,7.256178715346716
5.465754241539091,9.441499133847511,8.139153774573147,5.922608615181524,1.1554172274231211,4.072712823770073
0.4788386822680202,0.689191471069871,1.2526260141850531,2.6413172601548,4.444469891372381,1.6260940684605685
1.6953184783541109,8.738609192381746,8.191743241093107,8.12270874577416,7.765167425552569,0.7357979848778484
9.419697600964463,9.214693331166545,4.767222981509155,0.11388470551175978,4.592638480458545,3.8104505102286823
6.431971902709785,6.6453117896600125,1.3563345767892931,7.779684413024324,9.805673002688405,7.439211542915926
3.96376395817072,0.8888922921818321,2.6953429302644185,2.645260731767584,7.376081191065664,3.790734559320751
5.738171393229167,2.877690111733987,8.465277168481496,4.060160851946075,7.972470530847487,5.500268003805839
6.7843166500264465,1.5809226912303997,8.080825908044735,5.120226580471216,3.371729375317587,1.2473429558989013
7.673698267041234,3.314689128453514,2.2404226679909076,4.093937410222806,6.001028373517735,6.7162240478446495
1.575069975634682,7.427078118762314,3.5732671261935356,3.640197362245682,9.977954440224178,0.7176840054933153
4.7926396225785215,8.122236572643482,7.9264995450921605,5.307502047485779,1.826424395225733,4.807605401278041
8.15235584245593,1.9462076033308962,0.7252218375307817,2.088002471891879,8.869650664937815,2.9247125655293993
7.537274065702028,8.274645207925117,6.974367406316225,1.1680307088838304,7.45755524256653,4.988131289385792
7.8867497946585505,0.4139190553495098,2.4816956887425947,8.052478182006006,0.1402522800035777,2.604515054411689
0.5536012067721685,9.142004931467698,5.851576696367955,3.6801453850889168,4.575565846915818,4.820088855367367
0.6401491633400225,5.005836596995499,1.9052302291849033,7.288542795199712,6.878836610306697,9.177232875712578
6.322030467569776,5.0308394078630245,7.388665793161579,3.903143121862586,3.2103888275050063,7.987817734179307
4.254616197005003,6.965737549984972,6.468013507688664,0.7305934555419169,9.33220562756084,4.64821760202198
4.38543696086107,3.7532852610403533,8.431993774622645,7.428898497724439,0.992367657118427,1.3714475396813142
8.06686540206744,8.961603863849763,0.548646273929343,0.8082387743506325,7.0360913709981,0.15258414159280087
5.386352194742058,7.7654151879900954,7.007546259288674,6.205979476679308,7.542969908052198,0.5575452713680829
9.809441948825024,1.4235443439730588,8.918192695061865,7.291187437600977,6.631630434674003,7.669483120308701
0.6057630996917429,2.771345896629167,9.82914110760986,7.964451325922233,9.808466947049554,5.675492745767107
2.814898983336281,4.430485848013005,7.966438195040596,7.649837327466149,6.051833073134228,2.4595106968468485
0.2504547063178342,5.869328737953553,4.7207770028530565,0.9837424991565802,4.787969051686529,1.4399254247363014
2.928064259144821,1.9143020680287126,6.696607002973831,3.3603938757108196,4.319511911112754,4.9442510230000885
5.324317134158724,7.554859309735727,6.359369928895632,6.6860426248869596,4.269390452168543,8.094511443771655
9.878720837230269,0.042777197888176355,7.424682959765782,8.66436693888944,6.024052620552624,7.2508566815004185
8.90833658380972,4.519786167633907,7.659683773200591,2.738635231278704,5.675374221706874,9.126150941366372
7.417430597882665,4.915492920188806,0.563392510508991,9.215414576367358,6.57603484745044,5.331292503620015
5.223722969688227,5.963319653802367,1.530774749665167,6.428445248524182,6.929415538643299,7.518158946794879
2.811961025311156,3.2596444428342943,4.551289748561666,4.4016353186200625,7.7433524747735,6.0747044877619345
6.980923863067999,0.17950411570418545,6.523757987107341,5.128235145388151,2.7510498453823673,6.427524832506287
1.159951325803128,1.4423754837427327,8.549817314672975,0.6624462299930056,0.6948152021955534,3.3602955872643117
5.513979344520264,1.9794795361687911,4.411226461128818,1.0367566305114884,7.482610990521473,5.74153757773524
4.979971614839943,3.2761510894040713,2.201693193842801,7.0105216087479025,3.9724702105591536,1.5490305431368
1.4647214772202255,0.4716284884455335,0.2080278892563603,5.361428384096804,4.221671978434819,6.582682576840121
4.423071605482281,9.328225066474209,7.870071984679403,4.067559647624586,3.6334650676631353,9.397813650395669
8.740729947128088,6.438448103185342,1.1195150880352223,4.847207512987354,0.8329924650121223,4.3523197331936645
5.780460181741363,6.899445051333074,2.4104671080582407,6.036105024418259,9.256210576917942,2.8088872948206687
6.520841687118391,8.147957519487397,5.6419274663955985,3.1982615894808877,1.335628124731466,9.592046192433616
9.47856466243872,9.116056035205382,3.3767621643628765,0.6171395871063368,5.018057414959378,3.97462582097626
5.646243561924519,6.673881397871323,7.478948025362833,8.645410452278579,7.363592208779428,8.634471923947666
4.853909805823736,5.597855054836818,1.1627656956429633,6.842240549672822,6.604393816739379,1.46156098997397
5.396674321980564,7.783561264946136,1.2871361285419969,7.620571863488347,8.343243659012975,8.335341322717918
2.2089873823842665,2.804336332036482,3.8346663712551976,0.5689918407388384,2.3670386050861825,6.076430837327175
7.46375418249767,0.9215414476731587,7.65519466067012,4.095468443475961,4.480344333560604,0.0966328894536761
5.039224861118332,4.979895924987948,9.362122631793337,5.117794323251039,6.969531629029929,7.585636751944538
5.9426269050586615,0.9666356766055406,8.145492966440015,3.8689967510282095,1.1096978798631751,0.2600248845534958
0.33390997107234477,8.924666760391304,0.9065242868337087,6.864023765170797,5.83824232003418,7.074710609444436
2.8301337743882495,2.8797252513461977,8.918948871590231,0.33174633049114055,8.244116871667265,5.206605473832097
5.508752589101684,5.863408444039475,1.4888451220822307,4.664257633798385,1.35608839526413,4.093239844680358
1.5800566837466001,4.206334912562028,4.235372821731314,3.0271966727137722,2.396639724407313,4.035735576125308
0.6503586334312628,1.039745145424742,4.957300812284045,4.903053926887095,4.773697686262394,4.209352251412221
2.479745444774358,7.263257793437484,6.623196570143711,8.285324134570928,8.53751524197637,1.0890925847567023
5.148084509856296,0.3213553937593383,6.362034866733231,5.451384078764512,2.121498900527471,4.628751356609836
1.4469888583968094,9.090404257758115,1.3147443133585757,9.075962752011517,6.288846433049434,4.232033639146739
2.097604875512329,0.1320563264405017,6.259276996509087,3.082570729508809,8.096111445998172,7.2508470055006855
9.447936120213434,5.012040851067,7.8430105386515,9.410073944944797,9.049949008150818,8.569604274282776
6.948855977771916,5.9935235129134465,2.522663235070981,4.366878637760825,9.983848636884925,3.834742107507856
1.446639434305158,7.967294681226532,5.01927847367499,2.2929484572724848,7.038014300783883,6.066189588403698
6.852635432127396,3.0681026438838286,0.3458445675546129,5.638767133526641,2.934268493620272,2.029202360918967
3.011464652179272,5.821695896975532,5.5378422773373694,0.9821576172151147,3.476612331215243,2.1050402943811752
9.479872054064106,8.186342056700456,0.3576769234991539,6.336692620534934,8.636884261761201,2.1846592682748223
6.571249050865381,8.919805123076333,3.342158745897723,2.7365494938802524,8.365884732489224,8.888874502234835
0.3183735030020485,1.3129037548985112,7.350364824433316,0.5955114156119989,4.936978839826249,6.060592840461249
4.2848974686320265,0.5965612938032927,1.178683060853557,8.209558629252264,9.114268296328987,3.1348103594222754
9.762546365437695,0.11809165374403019,7.7688019250714735,5.264225126105751,2.527108632112083,1.9720036845560829
5.671580193437605,5.390436537851764,4.42764759657199,1.4609226966054145,8.770595232423627,9.799538597383064
5.921259344406552,0.04320645801466405,4.377671396150619,7.184829222693249,7.341349366661557,7.473551374260909
7.208237899904034,9.902430552439254,5.31154144483766,8.024540328869193,3.350992584635434,7.059346733331033
7.9635345891082725,9.61061994794714,3.773888518091172,7.1332988847948355,8.535759076429377,2.099943866384738
6.281344736529676,5.6493615652968305,3.357044782770463,4.494700053373193,2.785902089053358,7.215986973812969
7.145491266883363,4.0187002646697065,9.074802601969234,6.8384413358041805,7.125412944419683,7.292111731342509
6.3647616823658435,2.3793297196002596,7.1205290600406,6.766892144350912,0.5891640974012646,2.218208394440442
5.616299735646134,9.385341423930495,5.32744392626407,4.835345974051118,2.5275606941228137,8.534145087082036
2.8935034679364136,2.0384837113574994,8.447090980315036,6.677591101242571,5.77881993193647,3.833808819321879
1.3786969957660455,1.2265037197808926,5.865474756711406,9.840008655178455,2.7876870546241084,3.2108210620012567
0.4317046504784272,6.360770670482659,6.7206175143823765,8.106839488869605,1.2289228728170687,4.173871130371984
4.756947724518409,3.219960097121576,0.41602440309643995,2.430780955558337,1.0126739672673002,4.858380188999489
8.190269481024616,7.996829179565536,6.451574280095922,4.518422530819258,4.502385046170988,2.4703628182548156
1.8570209894362677,0.44103785460512634,5.683431876732765,5.6217693113721365,8.95415440601472,4.540965256771859
2.2757900789353505,6.005276600236327,0.15612323439796794,2.40205747368483,6.395908913088419,5.9805587320571
2.911046640928625,0.27634252002643467,1.4242582327506481,4.198687379618006,0.5323051428031156,2.186352862185612
7.2915011005910735,6.6317934112696655,0.7920871264972629,7.686898512579847,0.10448180982872146,5.063934657680763
3.9310490661383546,3.217104981575937,3.515483207740411,2.557533758330588,7.522897106820321,5.283962357496316
6.373211856883972,9.508025008610222,5.722565531263371,9.649928851900032,3.9221843544284396,8.320395446569343
9.546109271993776,5.422982405717336,7.097755206227866,8.04836850553076,0.4151683022145658,5.529673112264845
0.6827951867867954,4.313528444715093,5.529712649198258,8.138677408247142,4.9114933710309305,5.078670991490205
1.6255102238806696,6.419206157513948,1.917049354339302,4.946680040800753,6.177079444653187,1.6163640377889932
5.803137592849281,1.8242323352891554,6.724248290362543,4.190071968603818,0.67797747665716,6.972357604483008
6.528983584856995,4.478818585924351,2.7054345842306815,7.436052001944247,9.683311675185271,6.956740937448061
6.296342747082118,8.350674242973733,5.341739635727833,4.07687204158524,8.464088093231334,6.413705527022099
5.328248405616397,3.040489667859446,5.458416244406473,8.739538756242064,1.524079499459139,7.345839339745587
0.6571842595789856,8.023025979565972,9.259890328799342,2.709981837348029,5.379458719328959,4.958182642169086
5.819755112582995,3.038540509450943,7.2109533670194015,5.776677930952761,9.831498516976577,9.803028223564949
5.516818551863663,2.5486746089169166,3.898151663695113,4.237636092690319,7.067901131694015,2.9050743410470234
4.920118265126626,9.764203284477688,4.155998893106031,1.09316707515693,5.404040346387991,2.9248330164457137
6.026624292766004,1.367836297475269,6.2055574441704255,5.898946088080564,3.904343149797299,5.574765156537126
7.821587849205444,1.7032829711229103,9.25226084818981,0.6105849625221038,0.7846762500303595,6.535185640762295
8.918490788868935,5.438756369912361,5.546548710762515,4.258901205386079,5.531576914021725,4.428561418291359
0.6850714127838264,2.15021101631651,6.195811945430679,6.160103550632924,9.495278715437353,8.89636421086513
7.934112084888295,8.160322458869182,1.6346556925269595,3.9765056297724186,4.4893320124539215,1.4620223986828518
6.386788571415516,3.5247710284959743,2.867689665443004,3.735564056684264,5.55479935419581,7.59459922120116
4.934340021418233,9.584848093870454,6.141610443092645,1.9844339121550403,3.004415933047432,7.246792295136829
5.47328207252683,3.2905888870537146,4.724280613000392,0.42745676919855424,2.8250584130751655,4.798466704270929
2.4981514431887564,3.735969237808896,3.6469474940173816,4.320136799417592,9.630169359882322,4.959491332499232
0.44303884963115214,4.1683621365814645,8.108019022212616,6.7387837703583795,3.8798626496127318,8.558547013286585
5.079101753973694,8.89714692798359,4.737624465551846,9.121800585415995,3.955227514761772,2.6303864516855926
0.5857565806232634,6.716075864606799,4.060564291770479,0.1045156101311806,0.9158847828161287,0.18590994289714002
1.0179605393845148,9.603403612429261,3.5204107318066447,6.381801730419808,0.9754778038503742,1.46773561347463
7.142174394980279,3.2038434760010412,2.6516660446305496,7.9629429650122265,5.917080686620904,0.14640577292398205
8.76873051806336,3.9306018293098486,6.327638771937902,1.8952443755489856,7.735811213280489,7.390538358319027
1.7934331031161699,8.831794720237976,4.892829708858571,3.8595546050665366,1.076847987560846,2.6782359043402293
7.904277665190444,6.649869059148009,5.019996502316934,1.6872027508665777,8.624514166894956,3.123626187331945
4.605355285413078,5.960664200274358,6.6976932114836885,5.0992600920444655,1.535785432095338,7.242555989626972
3.8696557600792456,3.0758373161583465,0.8589009652660207,2.6111567677999337,4.73334984815787,8.473428450989847
0.7528957225141542,2.831177005497328,4.125696843565709,6.118672406161403,6.683613775610598,0.1279374422650581
8.354340531402272,2.913102221888766,1.6774662172668853,4.7120707117007035,3.8027858491109,4.008402062231381
2.0455761190048216,1.3496151480396013,7.243965717710379,7.764508430071363,5.749471559307012,3.6450267315090468
6.161061231170548,2.6135887573404535,0.12618213373018716,8.462186700891937,6.2427227540347205,6.746817946387389
7.628829914894775,6.004884268115451,0.6369932636388109,5.630648902707125,8.40876678135109,6.934704322472298
2.7111144400014964,4.280835121589526,2.640600956301319,8.160659395697591,7.777090218560867,4.787834383410949
6.3743386286182515,6.895005192527415,9.365436859946453,0.6503013866904106,0.0005202225751588241,3.4809416288402364
3.0562461655638353,1.5805667790869937,9.95070700703527,2.7316812472190466,1.9504736379850107,8.004562732604978
9.682242840002633,3.8398211296921203,3.8249705190548875,4.985328996271217,9.892605202682963,5.863727635981224
0.8236236067693825,9.154183441657091,2.4187753908082454,6.9070254250944245,5.889570228070178,6.1403485148116035
2.411305426815824,3.067455585592173,6.508159018316203,2.806149059878421,7.898296770063473,5.797717196977664
7.216475882427693,9.198158845730397,8.275365041264664,1.4266408981311196,1.3499590885684765,4.395895707243192
4.51471231345634,0.004254617350256673,3.361739058100227,3.851337996341165,2.268637119564745,0.3207962326796876
1.9505966940670894,6.046250542243462,5.159438248436646,8.611235476378589,3.7870731253961596,5.605230644353204
9.358688315883906,6.970750724391827,0.5322226715523704,3.9132190509520304,9.236446992411429,7.343624910727837
9.619912303183137,7.8183265580402015,9.386695435910438,8.901369820024048,5.285266221189003,2.4884557114137493
9.591714137965862,5.864855849457287,0.12506927273872814,4.513045073966907,4.842544288268455,3.8980296563668104
2.861474683762432,9.086999966131343,3.206486056307668,1.4084066434711584,5.33139514344159,0.8989320145115209
1.9886935729009747,4.729858903054246,7.065119179319687,3.4231429227520316,7.615677646966055,9.985239334248599
8.630928652725103,5.726920243990302,8.765349190615417,1.2014073960310134,7.837534689093893,5.86562639264974
5.744894616544204,2.525130910461073,1.9463031702525146,9.041426505028541,3.1304275322497155,0.5180913930892561
1.9953103107602899,8.143890081562525,8.672071814438455,8.289287526513775,4.422487146996801,3.2996458528107206
9.143962328613915,5.214508012093328,8.077173112700635,3.228930457605612,4.479965109389924,2.950061878165353
8.59353806664917,6.078926792224459,0.0071097013574983325,1.2833960025650193,3.430292910352649,5.615648109862158
3.245575838065873,9.529965441515634,1.7806176009126862,4.76941214957712,8.05417052711864,7.80312120469432
0.08463630526580612,2.775107789562712,1.1539102654796463,7.771303546539098,1.233086908972163,2.3630472740423736
8.125311828458043,6.5473776836344175,6.997087632197337,8.411679904094017,6.547854127599636,0.43523365020213034
1.3615926205810414,9.90648308212726,5.54960195824936,4.5844584706487375,4.62376598559259,3.008615828358306
8.182839890773707,6.900296407439686,9.587640254712971,0.13162204347519246,5.317541959231834,8.708638250002421
7.7822407843350305,2.109513471944675,6.793444774149002,9.23553775119214,1.8676568875532906,1.7636460265859288
0.25662055583497434,0.09247710649721519,7.654004266027962,5.560686091780961,1.8280752028981517,7.103389661549503
5.149663035022472,4.277845540455782,2.233390453253784,0.6888468667262737,2.024142415880692,8.709423671084608
3.708753484500964,4.360665659754883,7.032146168094552,5.753484430322766,2.121835171206076,6.795810020090913
0.32398335548180834,7.83253925847787,9.49170353883354,9.92823444544345,0.8009474772900249,7.863276787551239
5.270862345375111,2.933731414592943,2.5252254800088645,6.061768887176452,9.470821158938003,5.192125932756856
0.928972119610536,0.5600571980518343,8.798536941016565,4.224666500304577,9.645471376475188,3.538996826824443
0.45570914499390214,5.684840250823216,0.436320063404364,1.5069637675561465,2.4586619967643775,5.301126016165883
8.16903993500495,1.5153362411469118,9.255302629176272,8.438252099927992,6.017872635319449,1.8291032236697335
8.709875567327579,3.890744722814976,1.1081474091058274,0.8340495867256259,1.5842634819597012,5.15668367169585
4.331205416234823,3.4727935608658145,2.659385500456767,0.20706729848861127,1.8898400049766106,4.263378670390743
4.645428290073344,6.836795788129053,3.5131373557399814,8.284037402374304,3.8750121758885236,8.979409938358756
3.2565268961042717,2.904708982446861,1.187149466241706,4.6446150927042416,3.7149107750437538,7.323420441259387
0.5599914651356142,9.77176665882016,4.039520540986059,0.09685659703556171,2.960450053630349,0.9016709037042092
7.984339231923977,2.1646481160355546,4.112972058436808,0.4427672409825678,2.3394786448569094,0.3528219848867553
9.099126793660604,6.854852504041482,5.279623422458462,5.280450797408718,9.082240857565626,0.6539226643875551
8.956320308277109,9.784937965961221,5.59235064153285,1.391056691776097,5.600627519054433,6.314254792196826
9.177365330783616,3.569217645750199,0.09252923488453302,2.425469462774681,4.774468015809915,8.460000976503453
4.369383375145336,2.949285369523774,2.047505053923262,1.1435431992610101,0.467390423872015,2.1932980147833883
1.6605309216696107,6.493033757039805,3.4918409759144065,8.340046095964006,4.529142068032232,4.048709879571959
5.478141965067316,5.799983635155145,7.75530367257474,3.036784545511585,6.400064958721364,0.8991783449445667
8.167355273661759,5.801169648576155,5.054588602295192,1.0838770591983882,7.276572505829252,4.73833217338578
6.814583315817398,5.917073522937359,1.9067351009595546,8.72641259414521,5.968650019327562,4.2710346481308115
2.322790231067162,9.370936384316215,5.521388095959695,7.98435496277123,1.1604655934996289,1.8131290798809196
4.638517016450998,3.9573920442303634,1.0154634895365633,1.0563111881772003,9.522697425171565,5.785287523201784
1.3822793268198386,7.077817754023293,2.263424696893084,4.768406118395899,0.7320208255960081,9.017198599636739
8.649734267174663,3.9212502540317686,2.000309992185433,2.5633312687678824,9.03577768244853,0.026417520376420534
3.9615268137001216,3.4651034603117834,7.1083512383824825,3.9810414293932594,7.576137798629368,3.421697547936456
3.810157446022372,2.0723031770890996,0.5102027743837168,0.12965678262408353,1.5219882833545328,3.711423225989685
7.994049874667488,0.46693912137128923,4.454334698688119,9.949008707703607,3.4811954315020763,3.9116885333650164
4.398738101639513,2.404761314672524,9.68378390725994,1.1005117671023745,0.36002975371398405,4.8643983365786365
0.5362080104019862,7.037770426224144,5.450855409284947,1.3079374801271426,9.015930695264753,4.766377750343923
4.17124029016591,8.25499816004862,7.583060538177385,1.3076442059328286,5.13338692110139,3.3245622798488608
5.871572583261084,9.168156296276779,5.004431718916475,9.132728040148903,3.100271557424735,3.5926928582213034
8.786705966301936,0.4064109474962385,5.379031043230109,9.724430076412888,1.6517589923311438,4.933765236361092
4.680828161146629,4.857032685554278,7.169693590928606,4.6833777343020655,4.219415684733602,5.533821100840019
2.0006539340531813,6.283770879826602,2.378769559930738,2.1375165536297427,3.02669290865059,8.16521921393627
6.618707198498321,7.719242168170161,1.8736059976638175,5.402126347050219,1.2827254212269212,1.7254071999850373
3.404348840337863,1.7331197483996008,7.160258577748345,9.429154640472603,0.24098393783061556,4.808623342710851
0.7761030587141415,1.1449539856657798,3.7602795828264144,2.913745031057643,5.005600382261461,8.597167243205305
4.032037300760326,4.966047379619846,7.252159964961978,0.7090674956096155,0.5114244522989908,4.900024610387254
5.863212900168079,4.43819116127433,9.653238360718664,2.1974282781536223,4.269637169302536,5.9560823209102995
7.9342429825545,6.579330028368937,3.1212445341981,9.260752473533916,7.964096945203999,1.6075323612327685
1.2235614923263682,8.229732911485613,3.6488522764613043,1.1138988581197973,9.053725925738252,1.1195016580409023
8.352566238894482,3.94941929876563,1.1410746264552052,6.390093569788192,1.4574518721970309,4.2722803180235145
1.5800167310349522,2.7123040542031376,2.6655851091317473,8.661462621824779,7.561492831887579,9.421226177468165
6.715898677751234,6.287074614905336,2.4326182579330515,3.922029344102987,4.512723312403403,2.0356384334537014
1.6396347010938728,5.746324656910602,7.938170188786554,6.86646401227512,9.578227458129126,6.040205309730693
3.587122021094901,8.002419510256285,9.785490944590483,8.051020114298126,3.3262113286113095,5.548920107328011
3.446833390307844,1.6504920728391004,4.090462412309752,2.47428866985943,8.907679512587489,6.8250478904211835
0.4182745002873911,3.463044223768109,1.3550070326878827,0.7190064590730028,5.672975023248244,6.919863357104239
7.8729888309149345,0.7134446743741674,7.979998256007535,5.835559429436019,3.4035975676498307,3.8523452065623065
6.672849034187801,9.120750910666471,0.5162778687190572,4.938806529790258,4.760194956731948,9.428981525217825
5.006390499623112,0.4505676258082114,9.705728054620424,9.182991024576893,6.160380798998117,8.394692075850973
9.72094660862526,7.638998589535069,6.830692812069921,9.453936141812118,5.255422465889071,5.386293172971709
6.376707402097317,8.480184420023596,2.08099889394156,8.794283761795633,9.84689974348812,5.429469472508676
2.7563080981948715,6.505863086010005,1.7139177093092728,6.394318559102187,2.2613715086974775,2.2043289648298883
4.203055874817775,5.200613557400954,8.020612027304571,6.484239924934373,2.931230552428925,6.49381411304173
8.249521357373768,8.015747128458758,0.392203551279362,3.403200905490884,3.101238722279729,1.2406930815502915
2.523079427477616,6.446564406482157,0.09387250929547175,9.508474843904137,6.26194034687809,8.021422278866996
8.063734627561633,2.427224731393917,8.690937923971697,3.8251192728771732,6.221417829755528,2.271532712263584
2.2581143180291696,8.090301715917413,1.0745894555675528,4.877554087965208,9.782676782040657,5.11775211918605
1.867468588358281,8.626629368694502,1.4764301895475718,4.828937625397186,1.3872840001947395,7.5657593131071845
8.00375748394827,3.6771432075158597,3.7396493195552996,0.7466575824506727,9.958964974047422,8.252988801434295
1.432313205438951,7.257368443585479,2.4215051716220213,5.955550253906235,5.401489355183004,7.240288020449772
5.1544057063806985,6.90749327568767,3.697043618556337,1.6724159179660103,0.2179248939785139,2.426442694716182
2.482494641364774,0.9149058572598368,6.189838504626643,2.57064216807102,8.894677450950297,1.3908848714563393
4.25834021609502,4.113103020220883,8.022302048803652,2.008214141483805,4.753820801460597,8.713066509110837
4.050171810694543,2.516944542076672,6.698816293648085,7.6622662004894035,2.535508793235465,0.8720390391131683
1.7274367065871687,9.540830269759418,8.589468696156306,6.890731334620455,6.235432157246001,0.07076576123529854
4.948874101033619,4.806574827774522,2.1752403732646943,9.276567194441693,8.79956558746019,2.6654826941681833
5.563725042027304,4.643708535686351,6.9292117813093155,5.269822807914656,4.502081278237354,3.949149862105293
3.0354478535429017,8.104865152354957,0.9929987352821545,6.403877608576728,8.154207733984515,3.4203291792006674
6.785088614589724,1.5746635089562533,5.929247416751707,2.755272854809774,9.281211581263952,6.707016652249336
9.81127260305723,4.308046700947642,5.454191522967412,8.86219840589415,7.419859252245305,4.023733458144947
9.565162802785029,7.102911192542473,8.74526792822467,8.534307064527507,2.349110100607139,0.8407943501005599
6.959276366860129,3.727625414396477,1.7829204713773783,8.87039469321311,0.17548444791466333,8.68557020446375
2.401569296288557,7.369137154964075,8.646187673605606,5.399758692910245,1.828700219694901,2.4525566218068064
1.1775785127186433,7.252641141274405,0.850532530963436,8.76675728967492,1.4692964687979038,4.584783554684568
0.6720825337531655,8.541885434251359,7.118257696159251,0.17869716911742994,1.6853704163583816,1.1460920315680179
4.876940587054208,9.33141578141327,3.500715475105376,6.821516294070023,9.64496815638705,4.617442827289877
6.026915506143823,1.2144553922448054,8.178182463354085,9.217437937821321,1.6816225219446401,3.4541726441204923
7.0332138415883065,2.417696314151796,9.501916609400553,3.8465814578387523,4.959061843335548,3.7328562911957475
7.572524776909898,4.716172542979037,8.618990927005196,5.473287855000689,7.815895930663536,4.723330063636761
2.588222301082924,5.429250990597484,7.492246621243924,1.6093813664419176,6.651646842544712,2.470854185938758
9.895015165074556,0.6176454805637455,1.6408775155962185,5.993042895561755,0.09549710479978546,2.6056520105499583
0.34261103649572355,5.40068590094301,7.171062298026266,8.44956345990858,8.465846388501665,4.351847484743208
7.738134963362791,3.55920472594079,5.5473443145399095,3.5275318187984306,9.018883365456738,4.952111432090238
9.594522253765437,2.8666114498607342,3.2281015472617893,3.46049668703723,8.227733185568793,3.7560750982882007
4.874087516493731,9.234520199560283,8.230518063276444,5.410546602474823,9.789484671842734,7.930141956169301
6.643880246516072,1.6863779832583181,5.535475088323764,8.360237280463354,8.009776953710531,2.442745401011963
5.5091920865818285,4.134745418925783,5.56301986473086,0.05349455872368014,3.4177407942676394,9.532282553285189
7.777419085190874,1.4859879789579344,3.067350275567642,8.232592758444376,6.6268542888175475,7.299344326871986
6.933102343564722,6.96535082815042,6.05747306954415,0.531023201751718,2.251809006759997,3.7101771538296004
6.9356878228195304,9.222274806814244,8.57501854507895,1.6804190869318336,4.573163654274764,1.7427927390727127
7.210822861506385,3.4120686326417404,7.168305215181565,6.996462047921886,2.8420562002373195,2.5732729860303305
8.838496116905672,8.550947031013152,2.856610005203597,4.34395313635741,1.8937993977138268,3.30127568456966
7.240694960433599,9.846287058144847,5.0347076059353055,5.446125518384166,8.806011604037357,9.836211324641358
7.436528585123439,2.9336875175719435,7.866787391734986,0.6153351716691724,0.7761132257543346,3.3250810492374483
7.644804300126453,8.534433476998933,3.6935032525375444,8.894303395152804,6.868717798547996,0.5087016171335812
8.524411504570118,3.898190033223845,3.301956228828269,3.8281572461008864,8.687702074404456,5.3830626021756895
8.57770505495178,2.094293761889221,0.4005286467457625,6.172844281138989,5.787022222871867,2.9102724904466006
2.129217613890434,4.974695610711404,7.49720193947467,5.002284221823721,2.402124900226922,3.2743636085122088
0.08856913189384308,1.490105373037307,1.9987381657809244,3.0346516863244544,6.455980853394606,2.9203362174285665
0.523431347365767,8.614478244626667,5.73681756337891,4.711564480450406,6.795421763914701,7.9073657878815435
8.635040586254078,4.18805727649842,9.00601187724106,3.5066033359743387,1.6197105710233373,7.017736448235704
0.9720383654122489,8.571186707850412,7.444366102006963,3.101532478844028,1.162281565506308,6.673267958266087
8.316699394912732,3.1143876605245113,8.90827632414237,9.0348433884705,0.8278759145522185,5.722669674929391
3.658956658439404,7.983584982013837,0.5636106198068469,5.471546070641545,5.213816044184567,9.108151586713811
4.080689807134064,3.941569121514089,6.224073090030391,5.381904157288825,3.057284076510789,7.49816055983529
0.1725274074192884,4.090298710875963,6.362691776918164,0.18271029560590235,0.6321626261970947,9.11582944381362
7.170871333679263,9.963870829503508,3.4871547975535466,5.032594773931537,5.236211591233559,4.239372100663706
0.7434947371538603,7.219456598891894,1.385629424302487,1.8211478362402322,7.853281420092411,3.7024947449580092
9.266128109345171,2.9449202740950375,3.0697275982559757,5.980785445568335,9.075618490190886,5.822978446724656
9.026399063043712,6.268275184159578,5.454807212861782,9.145381023289769,1.9266479476653264,3.1528047291169203
5.990267241678059,4.045048550120068,8.424699558889483,2.461102079761103,6.580604491422335,3.7321878971358236
6.356081502070783,2.7693356700382186,7.187536069328698,0.922419463594506,4.837338336065068,9.519504241814651
5.437699591540923,4.679451450648012,0.3636512177192197,2.171373062178138,8.188623585525235,0.5315513111977455
8.681377324120971,7.271821979761195,8.943298886468588,5.6771103141884085,3.7032033223283345,6.3743824732839895
2.824398167037673,8.652607981508655,6.383745294735574,5.2934745400587015,1.302447286428129,4.57964528696967
8.423118945187852,0.25848108669899617,6.979225816024802,3.349989999771882,5.205585831596428,6.377814940939979
4.196997835310458,6.178342220395924,8.589900403896209,5.474307435405268,9.05523808849891,0.4806874279036044
4.058390119701772,2.090488513796193,7.614032734418003,1.6652100326119268,4.173623972412618,7.7939513288603575
7.327391748426892,8.93852306555493,9.758240565493365,0.2897283002044737,6.01496846326361,9.71757507979136
6.385050119392713,4.311822657992086,4.482245588263456,1.6270257624722428,9.146925789552107,7.442416309705955
