Coluna1,Coluna2,Coluna3,Coluna4
3.453967487032262,8.275402374250513,9.629465958614606,1.4722738443274197
0.81969860597215,6.864282758056919,1.8132800661968995,7.415681357400632
4.564449218785665,2.337730363945444,1.682613890766066,4.160543506535466
5.791078662009221,4.053474010604169,9.386344613436133,8.683920485533532
7.52394463589375,4.674309510548187,1.5244239089589284,6.4446211236418085
3.434656620410327,9.334351917575836,2.649465702839594,3.8251970116009435
8.007205490168218,3.996714076949214,0.49511645946666794,4.411144057631421
4.184745180378215,9.12772691803777,1.5610837412710354,7.434207439565448
5.7149887744485826,8.703224671766213,9.571976385548123,6.255971690452611
9.894918861329,8.92955193809971,1.4385941567804839,0.8781736002074214
0.202373598452259,9.828693059049856,2.502477857303933,1.7258399939638924
1.1473260638590732,1.972933350146998,4.230731536885233,3.8590119956102154
5.175358669557531,2.7033822795647398,7.490474406084548,6.249965153463629
2.7104973790815725,5.962810859036418,2.541361895625184,6.834161393651675
4.255029507253795,6.289858754789321,2.8706489098211687,0.1458297388793739
5.995487362908889,1.8959369529871373,4.563405015225861,0.8843524932536762
4.75671086149398,9.6682620533847,7.067822211469058,0.7878850142129756
8.91168429888488,3.0945238387744944,3.835179032657102,8.466505355046422
4.37222397638682,8.665223155777108,2.6550791638797335,9.849761832628879
1.9829277090855524,4.315804991919424,3.9332781049133034,6.596775347663975
2.3972069848280397,0.5090166882144487,8.707043462278824,4.580269835579562
1.7420464252910428,4.651909515594887,2.147159778855019,7.877114191209403
1.3983290742823906,6.095388881071878,4.853203245019736,5.420398362160458
4.622498498030061,1.6295084758296674,3.3295047417394343,3.738203831795379
1.9877709085448458,7.771596137201442,7.3410404171689745,1.7552666407801776
1.7359898227057258,7.099600880401487,4.692658181137807,9.34007745016876
5.913676833936846,9.477097868139959,0.48261671212602053,9.86266282974227
1.4571034458608267,6.760106722051821,8.230114362404548,8.746726066886914
0.5432118702748823,2.3582532203988613,1.2158929137624397,0.6632605272617231
3.143506425341045,6.508506292875111,7.465189344492739,8.156846969966168
2.4728627925239897,5.066703147770367,9.101013051088227,5.592519055331259
5.218267897851105,2.661163647785134,0.14715752736016885,9.461341035624146
8.888652927579733,0.3129696562958917,0.17352194747342953,7.069314987072042
2.045768033091009,2.8167352174526505,8.09572570997041,0.6294377194337331
8.320574494084314,9.722045664588535,2.3454083409504687,0.7302581206053538
2.521648454680596,8.907327873232488,6.330320893673198,2.36317330252509
3.254785981770778,2.3185028453288323,4.850029095531392,5.992903045406079
5.069060998563961,8.224148674328351,8.073788000529156,7.253028370554335
1.2423364824771244,2.7452486142694745,5.993042302971862,9.731069693837327
7.935433678592655,7.319291427428852,8.952891907580467,3.7810791754036446
3.5757106424867624,2.504180199436863,6.078389459973429,3.5120961924575935
0.2612721671433149,6.7995676840604125,3.2912975120359467,5.731912357685738
6.65777357096292,2.459902546211905,2.739690876178104,5.78389310820164
2.366622952646514,3.9069741557443436,1.9346949509189726,9.403684789941831
3.7362837509176616,3.4081683677161623,7.613597141319573,4.695799830729546
9.04632342638844,8.031603821118004,8.618506662541487,7.976729092587357
6.996630737173718,3.0188996014017944,7.256796366087364,1.4712283424956385
6.259086392566542,4.7794020957160255,2.216524206779251,4.434265294939976
3.668472164989771,8.452150763083862,9.08637139712591,7.885436051228675
2.104309084066398,2.0717969962962703,7.232212036328507,3.9285676789385695
5.482813609566264,5.084912207661092,9.19010533201442,3.103423694412556
9.373630265187327,1.0369441123481205,8.186899655631732,3.344771832196076
5.973143748015221,1.5293045253955695,5.801261722095299,8.382049658692646
0.9139618696840912,5.582062311362153,6.512116641997498,3.481509496429187
6.4512367813734635,1.0425924694720712,5.577834524689809,5.663121899386264
7.457427143240924,7.411513671192448,1.8483417639454702,0.9000574998334177
4.484296548040978,1.4159917235277175,3.3081947377826335,7.941838322897271
9.266617638758474,1.6505704027007662,3.575346880628021,4.15550832874498
0.8322406066791666,0.2474031557691725,1.2849594069855996,9.098497458103537
6.463766099355272,8.871038881211799,6.679566179493324,5.405913686350013
2.454694650659026,1.7430942824611861,6.894161543787805,0.07361833533897522
8.682376165858338,8.342608587261749,7.706224964038746,6.948382744967905
2.39379519272795,1.4138543938734627,5.88680116816278,3.962003043323732
4.7874533093375025,3.734361152823614,8.289082968032428,6.359563576958384
6.634947255658079,0.21207460226162933,5.876268364067007,5.352469992377756
3.330654183909413,3.535863956018873,6.698894434271981,0.4130676007008638
6.893481298975495,9.435880493169467,1.860594093764647,3.4477412539322594
8.256089055769834,0.1845822880704029,2.889804319562388,6.466857542224737
6.959703753604285,0.5889332407500469,8.620294851674045,0.8163604326924401
6.0209963544173615,1.4560999172334388,7.515328061209093,8.808390625429002
7.748509000881443,5.888674613814322,5.7717956465413724,0.6150128492949536
2.28935210127052,9.026788469164288,9.41134481910164,4.5715692870115
9.916594602172122,6.154319881211285,0.8673063826762717,1.395133676977448
6.943421302142103,1.8538233792739622,0.4974829400617464,7.825257023689144
8.98271168432916,4.957410153804909,9.214660388780892,2.8276078452651965
1.278435342603852,2.1400738024152632,4.8532133706561105,7.387260196654905
3.553174279515807,3.9632786642405216,0.4795636195914599,9.846778902260512
5.583149024946482,0.7847598082576235,8.423254770780783,8.24147868021512
8.841267484083087,1.9027043243315567,7.0265280279796,6.248874419335478
3.085604279672769,4.8899585773495176,6.168562766035027,5.794494393302729
3.3111909168654083,5.999690492441635,6.390881423594045,2.8888497295962825
7.427881845027895,7.593582682459092,7.492828317155833,8.362447422875523
6.462317043321848,2.015770950138698,4.172294759712955,5.2799113708553405
1.4261045460296828,8.260829229962656,5.392302867857186,4.889361727064777
2.545494128286351,1.3539922826292583,6.790852049247443,8.622203253715336
4.759598620563342,9.972784565073907,5.1520958167269715,9.950196422108196
2.5737714810755783,0.8781262394100886,9.504630227819714,5.300240710735775
7.604677378436451,6.180824866666304,5.501292899564322,8.25704140365669
6.000166729616316,8.66684824520526,0.3001002303158351,4.587970583738651
0.46009833125564725,8.944101526048428,0.2606607229909441,4.610123602455033
6.10539443767126,7.913813224160403,7.862237901610846,4.848788656189884
0.44189757228345505,0.26100276770880226,0.5309057572729015,3.376758050975246
8.61467981921901,4.92163245772783,4.778740510261402,5.504945899637366
1.6540300601146074,2.413922041772223,9.356828743217802,3.4568367450569526
2.1070902323921317,9.742113847337272,4.8429257938476935,9.919052670107178
9.055637249746301,6.667194466080931,7.640836203291287,5.120859822318521
6.881954305785739,2.9715679005578655,1.6460335796781989,5.956657788647722
3.7610184826598383,3.3220367167932108,6.563845791485885,6.997572365493796
7.270265587012446,1.1058593378229786,1.2728298430371143,8.062764296848831
8.634414987458118,6.250116525598281,2.444925378859746,9.962171181190408
1.2100946205654717,4.2008812519069405,6.8711202425093365,5.380572190865598
4.851890730163606,8.112949134024186,4.8445057212363505,9.289251578155795
8.511256403898948,6.419561706923359,1.7111664507366597,8.239689515648397
6.704182017488155,5.465554131716459,4.337280060826365,7.432259139775627
9.301027514325364,9.96196109881324,4.4177426548982135,8.695654642670823
0.0723931499265873,2.9796827176425165,0.9951367945682421,7.188336232687832
6.274711708549203,6.611799433102039,0.45632035968054985,2.9986164673531324
4.003985303972471,3.9057878119422895,5.489371702273639,0.8365644368123981
1.4817284576577583,9.256070565794584,0.7324100749027773,5.539484694863928
2.7631446557092945,7.4277467650903155,5.559937073902052,9.325678867565992
8.933386702766379,2.0090805415170596,8.369334021767418,0.2034801003652842
2.023039778796323,2.0693837354953617,0.0912454870442525,1.5394061616167964
1.6462320820745646,3.4103273470303055,1.4686147192710741,4.073857986917691
9.264378748380802,4.062069046484979,3.909620930169754,1.1348578171582313
5.569214362566305,8.127850219396297,5.238863608813444,1.1550058624751158
3.9509533265128027,0.888724929152821,2.012679415833205,7.110919776995116
1.3299715425824354,0.32576950880029987,7.958555657929274,5.165277752425089
8.156764337284065,3.4542030894804876,7.701958755549114,1.2032952712803646
4.316683846139766,7.310055474660744,2.546434300224022,2.1596297866936998
3.1967523204651735,6.136337174290624,9.05559299474538,1.2069024615535162
8.70009995437347,6.530962453078675,0.9719660866998858,7.804807288920966
9.941463475091837,3.0099816791855427,3.7373601226583544,8.181804211348027
3.9368424323952924,0.5554491683086538,0.042507147760242336,7.011540355489512
6.742451897308173,9.176321640038957,4.111154109004103,0.9001728226897587
1.2975159813758153,3.232536673471479,9.969039305224864,9.387711695124693
5.6537187129951665,2.145851262365489,2.837676755046339,1.0187558208875513
5.328561683979707,0.5852448803452626,4.712411647659166,5.298650056490034
1.5280266004803833,1.2758165075627725,1.5423405167285864,6.415771576314032
5.184400667045923,3.843409681191531,3.39402016240675,0.36681922045530113
0.4860376988261661,2.5150293420463865,6.792588540354004,1.7720513507276647
0.21746823686136674,9.70999683782648,2.6739947832272426,0.3426507814068569
3.499157154216608,0.5489635802245141,0.20242592307420648,6.935614151223499
9.733434909331617,2.7350544526987965,9.22202959721632,7.934953163576371
6.523545306818742,1.2796719592702754,1.8900538806995903,4.904205067065338
1.8138331257289986,9.092465335401451,9.709527682737592,6.274596191555948
5.523933350908985,3.958023236357432,5.813961314811694,7.127366063559153
9.596772910818107,0.04914433667175366,2.8595088923703473,7.522947290853157
0.10851674343302253,0.7568922726659533,5.049870349943866,8.902605328580094
7.160327062724075,9.764235758646802,3.0237676814781587,9.785299114201454
5.218216525536542,3.890122127804095,9.487194951159468,6.513575800776199
2.5245526061530867,2.5866664934238326,5.929828045095919,6.031681432387657
7.924656797549689,8.947406557564717,4.449170540875382,5.180518142686083
7.942418303442676,4.092270458930443,2.1611033866187412,4.640086736134239
2.7857685464031623,7.326470565956735,0.34469317409978717,1.1917107348333367
2.9384047727505394,2.468882804062955,5.9087492304615115,3.512725474091204
0.8280355385713978,0.22474272541699314,5.085734274644732,4.858370901669568
5.843801435708435,2.9233899573645394,9.971875749395366,0.9419480028400506
0.5761555484065106,0.6649389463259958,8.097082214182171,5.066597906563329
9.83766678184217,4.570348946864666,1.6636284579575,7.457565730834648
0.11512591442131015,3.4143345507543676,5.729106592378207,7.3536706586183795
4.534422739756291,6.379367069948891,8.333634664216119,1.2754173827148552
7.513413834535,4.100384256724222,8.391198980322004,7.351744698412932
8.713670647024058,9.000192581239812,9.636348990256552,5.754889990081686
2.729148639950191,1.66489567021874,6.530562696526009,3.8452701808777476
8.388000045558922,2.3485841540156005,3.184830601512263,2.4859382351026027
2.5667851328523583,4.655254872931334,0.9091906099077318,9.574795719158343
7.740248235662267,4.40833169184398,3.8642560110650805,7.700295513120348
6.90467630152451,2.087067215533126,3.5467048126046175,6.803939915233399
9.362634712437869,3.7990942286208105,8.887012200464156,7.383088038251397
6.280640364531573,0.4487780650011908,2.8740639249053332,6.331999849831611
1.6743110107204662,4.5230957428049585,0.26424015063462036,6.352832442892979
1.8197495199601166,8.527569827097114,2.1704638809876817,9.98250140588711
9.400629718147835,9.516930704100163,2.918964764161436,3.9050003745270145
2.929213068791112,6.735966888759504,3.9364361984366045,7.139025483114799
1.8416910121031937,2.834606625208452,9.433384160814203,7.024895130386588
6.551382919799443,9.934842704612427,4.656597208828762,9.791440055966197
7.883407151640326,1.7621057599559131,1.066271077857912,0.23436595077897748
3.530709521216324,1.0989062231106494,9.55774572117457,2.7693164651870905
8.303601319182835,6.650303967587693,5.589398513971426,0.6575026156699171
7.381855498123677,8.38650086532983,4.9754160044592535,4.758651484006585
4.654568508317251,6.212042620584888,6.893419134723913,5.671104437665853
0.9237837859339948,6.718500361864286,9.54248741253174,6.274363321223346
0.8984269363261677,6.46813885472508,4.998275922855874,8.081326949107392
5.599913308559722,3.4009211494757463,3.0425707964339543,5.497225860547759
3.9104391512043457,2.731195747149279,9.149865939700588,4.99959482418729
7.377379364325196,1.1061639525713163,3.3277723919750066,7.6132605325464455
0.18082276532743635,1.5568637712443856,5.265844671921726,5.42116077351214
2.730882978077095,6.52946293834297,4.081033107357854,2.0382698917906685
5.515088091429736,1.481478149302401,3.4355464849854878,2.1806617161873856
8.1883777898801,2.6408885215945945,0.6297306580540551,0.8194943194630566
0.1943823837143377,4.082878899340664,1.1181702334033072,3.830532965470781
6.878631158340028,3.0378104497666767,4.109677871061974,1.3260245702926277
0.7707614040279909,2.519435609279167,4.366519187211326,6.06256089372705
6.4777896659374825,3.19769550621377,9.572225856930102,6.512008478164301
2.040017982321971,7.504558130609425,3.8719915113150005,4.098719026980192
0.10137924573751955,3.9879597725737437,5.7079272738712685,6.0115342037112764
1.3793781527383087,6.5649783544940155,4.682902074803684,0.41208543969254885
8.823504718870838,1.2308942795885125,0.5551338972976583,5.266546214349434
6.8555136791261635,9.871120766571291,0.3809040411169484,1.0487330391858574
8.549481103709912,5.325463833519515,6.561398781955502,5.467469922889784
4.047494706206298,2.6654904658642655,1.8427009324394361,7.486529605861987
6.285726341178486,5.097100937097019,4.8608141216169845,4.904398217607014
3.4839606207520655,8.015206426327186,3.1673908625121125,0.3611334207074024
6.233866462138953,8.853565269857144,8.577108880156143,9.880619090835213
7.501593932114842,0.09929587090230063,6.97187897156245,5.956729077734862
6.66123965551815,7.868768129957738,9.173625771907922,6.613265245258013
7.722187582539588,1.3069495996491542,0.03236582490894646,9.619459396121231
7.489432816232048,0.278542776332823,8.737048148338307,0.583417528870962
9.539439479423892,6.062975749663362,5.474640346603625,7.123919888203821
5.976303387618533,2.1682881151749545,0.27217730476427615,3.70282695579308
9.723646770488237,5.371062363438818,4.330327751183484,0.3339389373251045
3.3023752681065623,5.900383005848413,4.1606101470004155,6.243240320348319
9.320914718481193,2.1052048167626944,2.738074484275926,4.196810938122498
4.0880842773777335,9.350240643847783,5.263106109911156,7.120430769444786
2.9725907944019925,8.710635829948425,8.857122143845466,7.724460453087905
9.383645352041139,2.5096613078872467,7.8689462184672845,7.029425444135074
9.433940509740514,4.2597954242424505,5.076738405776922,0.6318704626627003
0.5709226614184837,2.811406349692417,0.8943599009304715,7.07021151998597
9.238759460173116,7.994212983307363,1.6792212007309304,1.402241200283214
3.8776271866075493,4.664546842304863,2.6497417066074878,1.1420904147281474
1.0820714143150956,7.72618833148313,9.554102477747891,8.75604811044275
7.189026237845267,0.048334905839563236,9.568992802056833,8.635981871070683
1.2786240523605485,3.3713945486335195,9.404036765829215,4.5149111512195095
9.876336404850917,4.773144265551492,4.592926721411043,0.7288790094275976
4.954304346156561,5.631649658023009,5.1565853154269,3.0453034781537003
6.947917551263654,1.4500893627734568,8.923579862094323,7.1416111664641315
2.442007367676303,0.15530807693769244,0.5768317942574497,8.887712974741135
0.369874229665319,9.803190750725364,2.7178833400354305,2.0688725959330267
9.385904901916525,9.864244344025549,0.040342811387424904,0.4559083637635253
3.981613162978155,5.613269187727474,7.953675840078409,6.680245013008387
9.959087387714181,2.550144413431943,2.8168118965595976,1.5933688128850199
1.3580453819548488,8.075716845128735,5.425307330015236,8.72347082612227
6.9525960380565675,5.754385355022752,3.5066030742879617,3.3950979786784763
1.1455271006010592,3.235983932855686,7.686924015435079,6.853319249742658
0.8288775166590889,6.09135998282889,5.705461022035311,2.369656934533406
9.356775417832178,7.002172894599178,1.3547004600735413,5.0978580420407305
1.4445340668106843,9.192860558387917,7.341776794447265,2.0147915716790052
0.8507086804184449,4.359715907833186,0.4598807051352982,9.418814317884577
1.9647759464278347,5.369764013011009,7.924025055726675,8.714268349467648
3.7953403135600237,2.597684630463953,6.68478096957374,9.221005067238528
7.401863215190501,8.340779681203076,8.689741412573243,6.999411239801212
7.030919995695232,8.162809239273127,6.031643873992957,4.625222343185169
5.431265274795571,2.432297539505205,7.373802595385984,8.355415958136659
0.8233267797235133,0.6191601322653129,7.503294742523651,1.7096338231635655
3.388205183735268,7.871870646002383,7.736208819956325,3.773902640517689
4.408479700018777,5.632529983620055,7.418130403747901,3.9776217948215917
0.24679944716754498,2.6763939781280843,1.327247502071326,6.880317706817706
8.711726032655582,6.548059121667306,5.005756431179126,1.581978516128849
3.124309312916944,7.199617410540499,0.35818524135296737,3.5888380506392448
5.647387621856432,4.919167100808476,6.551969152310521,0.6483396821975462
7.106347477146113,7.08827200447389,3.5717706994107856,2.932778407139037
6.092180453877889,6.115485461051556,5.308358021836282,1.9223393641623454
9.392543263308559,0.8655122428922934,9.962442678714027,6.04436754955585
2.0911375413168143,2.6124245010923586,1.7777591558526673,2.0613403487163664
4.431922014462111,3.8092191438637735,7.464216705355312,3.048738726151161
8.334529527150968,2.3349764848052645,3.410735045932781,8.81972070531104
6.174706149234677,5.862485423477396,6.64268969878087,5.740179411733254
2.305319534294598,9.357904788549778,6.676300910429575,5.321369821870804
7.255365580778741,1.8194476557009942,8.5668187186324,5.972898862156907
9.377640320696221,9.55621342640847,1.5529706509415553,2.0786565889328124
7.871554112553821,2.0093839037997863,0.358008281910146,7.563390802933913
8.196269532119858,0.6490543297584295,6.525729609743913,3.494303361302232
5.407771971297005,7.8391371330634065,1.454488010911651,4.276824780051642
1.5938885909664757,9.738895202043645,2.8242756442272796,1.5170739362418129
2.3574381696311733,6.810212793044711,2.068513038670454,7.0551306237048825
3.2509233563857007,4.654149936655871,5.384039302462135,5.2213747847173755
7.955376942783632,7.922772398358447,7.092610980218053,8.375616391441172
2.917668447190722,9.082625379465233,1.0623650326457668,8.41309694976908
9.40290321680992,2.3574282492184038,0.03009743113159602,3.6974487173665316
2.2540991333999507,2.9141282173451124,4.472143587792205,9.828338904716134
5.388047944698857,6.097347845973711,7.741056851594877,9.443631283412126
9.930453236590902,3.822870648201441,6.098567263230457,6.727571663073569
0.5558524290054556,7.900212547220761,5.193966173160588,9.899288623255647
6.210322450255488,4.2679009477662335,7.2311098034685095,8.444299777179708
0.1710717526976302,8.622216769740003,5.194416340797873,3.027477339340794
5.826612102912875,9.74494890170456,0.5827045312722245,4.584554907584955
4.259977039411437,3.613599567224395,5.704854731946799,3.5744768520170442
9.416996401833822,0.42515132465106853,3.7021166978576625,4.774797164641158
2.171764917031642,0.2951545024111857,7.113471709419733,8.15542725895829
6.30221188805592,2.096355640192259,5.795413772835055,9.787684081999735
8.907169603215214,2.18793961925581,4.66397583340636,6.325763825000927
0.03482621455913271,9.661698811019095,9.790119767560139,5.3315493351234124
9.357274159465996,7.532045097825822,7.28699980868813,4.467116146725235
5.38100279076988,0.8726465128735605,5.424753199814946,7.137124949638212
9.797246816745036,8.192528026224338,0.4149042167375483,1.0720477500161307
9.87371190199881,8.231306231720248,4.747721286476974,5.625672770459108
2.9155567405831295,6.285332133144227,0.8727837933136551,3.406454179617154
9.226274211171038,2.080921852332601,5.415569360106131,2.0898243898489763
9.880421058113836,9.112198643444003,5.726409174458025,7.158865996589833
0.24291054077204222,1.8211589082592472,6.088367602254174,3.8262953491048735
3.1008007949617777,5.912179424159128,3.067718852597138,8.6530317702394
7.228556413358541,2.264826549324108,2.863187006419631,3.191946781443603
3.070346350063545,1.0451499339795556,6.786510578694419,8.8285129508752
3.747319829261669,4.501737494719974,7.720345932472923,8.970079840435721
4.061790994018214,6.7930837575143235,3.8758464103498835,4.0721188910642585
6.0589993679902365,0.401905600960869,5.948338151139099,5.530145933049331
6.0761012722647205,3.3681520114474472,1.9180303179727365,7.662013043783182
7.317785820326726,6.460477365698364,6.7492315908129985,9.174577215872127
1.0653964132293459,5.89861922397024,8.848743361738595,2.2443459552814025
8.814759387110229,5.4882515284891245,3.8863992933737324,5.1873224855067495
7.597399605096737,5.345195447681124,6.655042968416202,7.238151646751508
8.73928417599036,2.8409079486103126,4.247323955674183,1.3481129741441433
1.8419480833366497,5.586192733763115,3.043545104215423,2.7076151004993374
5.520232386150148,9.588732014635566,2.862198553524152,2.1971463345214284
2.388969109031154,2.6871103815344455,1.5372912973836161,8.518198806283303
0.24986962001474544,7.459344839698035,9.35247997796902,1.46910698669234
5.542532691559943,7.733314884842271,0.5338110862112544,5.732571662768276
9.855957814742677,9.048552911575783,9.740127031900572,2.415712727876919
0.8856257219340236,9.84077954042265,7.91288089201153,5.9545303964514895
1.6217942849145683,2.3846863548940145,6.972808103247468,3.6717537345325493
9.510266652936522,6.569545378877994,9.97512371716791,5.144855282202961
3.5888574311855495,3.7670462654116745,7.204960887192048,9.806532269403199
6.681265556525334,2.789097268013081,3.011179012889648,9.410396680108054
3.4864714881468375,0.43120246808217466,5.726179894592284,3.4037741628110085
6.987562448483352,3.564302128246867,2.6457798087542317,6.470994118616118
1.0055118629878823,1.241746920251009,0.42798114811703036,3.66207501964386
5.431208318431345,7.506820898183419,5.5167627232968695,0.45953459400517094
1.0976993272495517,9.632482083987735,7.086027149558168,3.5989419480395557
9.004699803770647,1.6376895135223846,5.62511333422545,8.649998609150197
1.982838628552197,3.7347506909064663,8.959221236518559,7.073204976982592
4.1917469348718805,2.742749282164577,2.0607949057371124,2.3808049425249953
4.873108804571159,4.103468173894681,5.254860777423708,4.73309439436954
4.928722767914115,2.0294579240557162,9.411268059841447,8.381048954902669
6.749196247958365,5.881709410122341,3.4009339331821575,6.772986576245556
1.9884012305495913,5.4405743174039785,5.31210501785784,7.104520128718972
1.9066197449307343,9.376260419181078,0.7962428138320421,3.222394110719713
0.9486220795411682,7.113670210752807,2.4481361360695097,9.67364086499689
6.83906817415152,9.982888949136253,2.624777515610349,2.4825230104030394
1.4749696304571713,0.19230351781318267,4.885181592475158,1.4797862801249728
2.3113387272606656,4.798235729015289,0.07396801444421675,4.3370664501017036
6.902707482078853,0.21408590551853401,1.0043254350853204,5.54840100670214
6.472278381320793,0.04933136452873299,3.064917973271377,5.483310574310955
6.729831947301866,2.7671740780944756,5.9540210296169125,9.648395035311383
0.7421762517898067,8.7267894488446,7.271678092752878,3.2812132386901895
9.018587658038808,3.762523177677001,6.442706189894424,2.235308516277852
8.123981704164304,4.049731564633497,6.923584770839644,4.7783061875143495
9.309809445373793,8.505083166159926,2.302547499680143,5.72361667542876
9.553079176402434,3.2594109418235107,1.1165659416179374,1.964459931486492
4.089757491133575,7.739596718007856,8.985319833288584,7.016060411744163
0.3054804008065304,9.707895446571623,2.8921618290387863,0.09903502792320662
9.316837705139282,4.675822622573911,6.9441377099905965,1.6012318492237843
5.981532787875155,6.413393715028574,4.759567017936311,4.687635085850003
2.536291113043977,7.00509113865524,4.562541875212139,3.452751902982593
3.7637962969573713,0.898471867254057,6.088773644428754,3.1857389285546156
2.8379456656156385,3.357600732487839,3.185578290669764,0.05931417350491963
3.817302507028969,8.997006937886209,7.215225308780101,6.222173081962295
9.608295985428567,7.415419303558631,5.2642458483932995,8.3301490195989
9.893906911950241,7.235510407000964,0.5596359648704752,6.789517608890783
1.2347459106164227,1.7071772491414883,4.7239450931294815,7.538078092552163
5.981447099713676,8.344670971103838,1.811940256366169,5.195749930038601
1.1823994513215164,2.1021887150978005,2.1281334432275347,8.87999923631105
9.420547471984035,3.8260182192562855,8.563977904819978,6.899144906588717
2.463874148020575,0.5363535532688479,0.580834644271766,5.462066167535108
2.088312407245682,9.475663488630474,7.860440723705205,7.118240191383061
4.347353736285312,9.825534548350891,0.4344361591456658,0.2288158255050532
0.33026964865103703,6.381818965398204,3.5044837073496113,1.7583420963152308
7.992657867134131,4.939715995458184,7.14767974737943,2.3273745298389126
6.86970714548174,1.6406594406140695,0.45301394708514797,8.248790092074223
6.457104151124151,0.7979777885188533,3.9909365907928276,7.742848105159431
9.89620548360567,7.581315873456674,6.251396547036483,1.3870689263779246
1.943236352528498,9.420736939304533,5.187044802143288,7.829955855486438
6.594996471508252,0.8274532035231452,8.047628643691272,8.631664724257586
8.698129570057972,0.27622279172289654,3.5390335323058775,6.978214717348957
4.102092568032195,6.587837830955957,1.9343689328702918,3.9743184531061315
3.557344869433907,2.2849626556106406,1.3716167621355257,6.319037659142719
7.249799407333432,7.574223373992405,2.8439451517737613,8.810175808708166
0.5478519699731055,1.8172901715014567,9.512748481118381,7.649720257182581
8.521160720567757,8.139310182549519,5.121753225319502,0.2771512289527567
7.852318886305119,5.172522607786918,2.7840338622232874,1.1809544301170638
3.237169921912594,5.679809675537238,3.727461078247286,4.997005627885661
3.468432666408352,9.789059597575015,5.230232941755783,3.5061576943007546
8.91799894922281,7.5385479440825796,2.8673848684371848,9.273354234551729
4.463734056029715,7.210821004114375,2.038196595896461,2.419387762040517
1.731480912965364,0.00039419887663427744,4.807219133897519,9.693608860837358
3.3925556517594613,1.3279194402276073,4.3448171184254845,0.750547209812954
5.951131256265953,1.2000025959395033,2.3179085146240928,0.11850910856846641
6.757772845816227,7.0363381730190335,5.517085779677204,8.218480466002658
5.257365735434531,2.491567006600277,8.852736187088668,1.1556004353700355
0.7462696958217896,4.417478009939554,7.120186348044696,0.7676406969029304
1.9979615028545372,9.550583162920104,2.4508684848654525,8.123533645707724
7.6398065454923785,8.161838168285868,6.923234953480989,9.961237553418291
6.644413967338545,2.789252340554574,7.907015428499174,4.205866507611513
8.200173634198554,0.08465451044562755,1.5014092737828866,7.141687935665134
5.335793230718324,2.6693917597166408,7.712481537486743,5.435565956661961
1.499883750287988,0.3006677740839303,2.5335730209919562,6.060731011187899
5.063811043998232,0.5094931959723525,4.732368839272817,8.00728877015193
5.526261916183786,6.8384853255123765,1.5669847606426623,6.628808037813576
9.437099963497035,7.2778336910067,7.508406661321643,8.175406681239949
2.790144480990974,6.619409630212829,6.989283232581887,4.138072229572224
4.835696613300224,3.7625815430578955,8.878982692573636,9.011697459145903
8.328619602241835,9.743493857061305,3.5230621493042245,6.065835532789229
3.9656256863281856,4.402512327076535,5.36874826661867,4.904612927848426
2.8614518804949918,6.949377992156821,9.040561705502517,7.397394929741962
1.0159155491039285,6.417451720969494,2.9690373026846553,0.8680285920097741
6.922963953133491,6.950418473968568,4.198760108957556,4.417443385930817
5.92428273991406,0.5724074731751416,4.058600462995705,7.5065993024777296
9.268136230552596,6.133534090322014,1.5737206965511918,2.4450373987034038
1.5556761772707361,9.24186190615499,8.914191766434453,9.717408218699678
7.718666493829881,9.248783367006334,1.103962901241703,7.995803343128603
9.74722133181381,3.1544349055107057,1.086910688167123,1.2419256535491385
1.284560000761329,5.229758327384113,5.537721649609864,7.130260685063289
4.022683501210888,2.9171419611396376,2.3797669092994136,1.2426452783965447
3.0966185991528583,0.9371325193410429,8.80479135665634,0.5287327012083054
9.69900420956594,8.281348594029453,2.6159613480464117,9.021246841799961
5.301968616906601,4.764747162882919,5.3579659177462915,6.125771914132779
5.632600841994517,3.315993356736576,6.626851656012031,9.218564300258661
7.361799478683571,7.46649335561938,2.5314161317597286,3.4206469786747276
0.36291737746352415,0.8331048141768882,4.684383692245334,2.704920524590185
0.6873900178250758,5.105057811659832,1.8115286096475558,2.471829180581447
9.473197981921667,3.904870024359739,9.766826942716728,2.9727762848568675
7.903400772245276,0.07680079796047123,7.083254924400981,6.453093482936345
5.613968542206955,8.699497362992963,0.34441286643526303,3.849951662901381
5.087842540236145,7.1271410771363115,6.008169999527806,7.034443866836538
1.6847649596806724,2.750183320775228,9.363190700746538,3.8115767928174185
5.918039191288164,2.4900309544005736,0.8948209325828604,4.718777767143275
6.46326408409082,2.3154400085542393,2.80843388877533,7.672086951153556
1.6634610793742244,2.774136002645151,2.5000766485334647,1.4348478347870752
0.5369947238532302,0.31890576863477627,9.173654659362752,2.9442311470280558
8.970650271945843,5.910372929187577,7.634282279432799,9.29454274080652
5.812153989018527,2.5105243472124794,2.4960440005701456,1.0342447748988515
6.18519218319141,1.3563718379378986,0.5851363100961327,0.21632262086431875
9.737626458665577,7.703598967502553,5.010468002315331,4.572365333086412
3.2830704766302423,6.8963620707875375,7.831538533415332,6.96197714258306
6.136409446356951,2.9816172928403963,6.095871602040886,7.789791915443852
5.394116993752551,7.954855557769473,2.906710470134548,1.5002481461157813
9.193337515673282,4.397816872337428,0.06325190199168107,3.2208435474431294
2.058062462522204,0.12495225962621759,5.646768352696563,9.935802013266136
6.080265894253283,8.825061630967918,5.42945136156335,0.82141379321374
7.408159335199747,9.240240703472699,1.4664217823830517,8.828934492085505
4.712014218804907,1.3767512086982203,9.985681800946134,5.951123874079896
8.20008162696955,5.462034006134138,1.045698127674537,3.052284979730403
8.57763143695901,8.906918368593345,8.838259197503177,8.895167308957825
0.3357364788379835,7.155015262362127,4.110619430471392,6.7895382332778045
2.3367222095960285,9.334915534132795,2.2039875317096156,4.765157960057027
2.4082139370216615,8.334295496127526,1.8995764018645978,8.557432975230903
5.1375534459136265,0.6906601174800686,6.660848589081951,1.991310372857461
7.002808777287681,9.379279912703906,5.057451253308405,0.5226263944714671
0.9403975092656536,4.635773488499181,3.4361464587795334,2.660531097172847
8.784920852635617,1.940537149086492,1.9303017779195397,9.474920043595954
1.55470928767382,1.185731308400283,2.1246803809701165,9.602193358756688
7.6102727596591055,1.0652362939634652,3.618253013407733,7.1479897690246155
5.106197637982923,9.639110198512569,7.0057843344710315,9.861205532465377
4.048140761497647,0.16403080726568708,3.165910590579509,9.855142628866544
1.7394998544124485,1.6490479315012163,2.000164189766249,1.338897351910755
8.634092422105995,5.644445234931292,7.1522248388486105,9.100099816242906
5.634681260563939,0.5706640909771199,9.604707474712011,6.370662483430354
7.786954667308942,2.1212097258248086,3.923493378964207,8.297830200275712
9.8661464315448,1.9629132197331234,3.029523230009591,3.2579734745154774
8.318202676107303,9.58472480210672,5.595437698060729,9.181501794213393
8.230023969786222,3.8763504083670055,7.021373548633192,1.4259552292517175
9.641226470538687,8.568566341171426,1.5952597170178895,3.874883042144547
0.1908129381240209,6.901246910790193,9.97308463911089,6.605025918229666
5.062877357696367,1.191961335740569,9.050234677049582,6.077747298492831
0.9335733956112247,7.736403184958869,6.389598562605383,0.34313520717695445
1.4947264924125259,1.4850807725882997,1.6886540639285885,7.135784580054575
2.514610739100347,8.032098838487046,1.3340176143067095,1.4236608456279376
0.4280694921251216,5.135210952301938,2.4198457037915375,2.9471279261237515
8.040258425953722,7.697565663522893,0.9355488996613603,2.9384673597350486
1.2219923952854117,5.352934549249779,8.808305277585879,7.631124620859751
3.423220062879998,3.1400101068547723,8.887326674670247,5.8936596755948765
9.690855838652851,6.466826728650682,5.461100947967974,3.561814510174263
0.08194232824999093,7.711090951555693,1.9179167373465844,8.845327503467157
2.425193077781911,0.7941100342073792,8.685594266597814,9.258046177198295
2.109525148753466,5.942632192846869,5.545397352296677,8.111619083037581
5.8404671424221615,8.593078886921374,5.046409112601067,6.863470221596797
1.2106911669413234,4.919571480954107,4.54836807659593,6.816677187843552
9.240921340090978,5.448844564536936,7.681437594442839,9.736080139805242
7.1447155047487945,9.039626690513508,6.354740858997384,4.608696327022067
9.699815063889243,2.9977745848354664,5.432030426971971,0.21796096131862397
1.9168367522763219,3.7721399031937777,9.051177589353053,2.3910435238602004
8.244587603532477,4.760076717009536,3.7939927167347767,6.06289058729158
9.218208443469258,5.999501834508704,8.512444148120883,1.3425323939481526
8.851735489697814,2.312950496945978,1.7772838235309796,3.4246148196595105
1.0473276878675986,4.082090917973675,3.139365384981674,0.490172806382867
3.8105188180678775,6.426253253239304,2.082097683912887,7.214233929788127
2.8697387694817045,9.498838048167118,7.916193854047798,4.347749807597064
0.9761221715164958,1.6496109965143801,4.612985706882865,0.5776895077254895
7.996963132936984,4.459440191890568,2.3877760905971823,8.986112357892358
9.299591309606281,5.538773063570432,0.04398121820586631,2.7665858635640364
6.569886671401603,2.7563420237196157,7.406401049009324,7.350130738813538
1.2347576117423253,0.557643755241175,6.8185689472344455,0.8336685054246806
8.523049447019734,4.608593822768523,8.125603721235795,0.703618685807591
8.86385751906525,8.145200787226393,7.211259847024034,3.0829311885032107
8.770353334626831,4.852860542941726,9.72196130930856,9.832028157127038
3.0889140213823127,3.496127550343063,9.140837807624651,3.8347762300082078
9.287070283633694,5.6459858212502825,3.742319503799788,7.205464145021337
8.12076754264772,3.963416144451808,0.30905140464106085,1.4095700804625633
7.211673406803987,5.648255685379575,8.571435758156266,4.712385868665337
8.54359883265486,4.153688660191667,1.309402400986358,7.681515438838767
6.858252855521021,3.1567738938013132,1.3133865945013512,5.381937526215264
9.89457237753886,6.40298346101864,2.7036915114677718,8.129655191225433
5.224785381162152,1.4984167085828326,3.9498934739488165,7.714386147865774
6.495797600978993,6.314603078646444,5.185453445298757,2.276452382001377
6.584198357103137,0.2910313004262799,9.291251466741956,6.454428651808051
3.277866092362757,1.16094994143643,1.58451968977265,9.91183696889576
1.5934305274423077,0.4481717215419512,1.4522503588167002,8.463510052411383
6.40924573722242,5.056362798210657,6.318752886052924,1.5515453711139082
1.0007144369407805,7.362919684356463,3.2827088647035216,1.022632473792533
7.678831793027996,2.1799052306085853,0.3651369743563937,1.9127168348247259
8.550882786855363,0.40414191824763246,5.323554487070527,8.41788625243143
0.2313535954455881,0.6328229313105271,7.05308800021112,4.997569037935738
4.866828107459895,8.160664890221167,2.9490492029057003,3.14025508461926
6.8218154824434105,1.9991206556436003,0.3112392672479536,3.9752382988667243
3.0681913687466764,8.195994077559657,6.492857521404104,1.7714949690407
6.40011955314714,9.660157769922058,1.7231175213266725,7.552708776065396
2.481154493567722,1.6473118101581186,0.3235532409747255,0.20477450505620443
1.4798338701448777,4.07590005054306,0.25212815474644046,4.070339114367309
3.278932711255319,1.9701859843965497,5.9856114624550205,7.625185901902554
4.069969721630493,5.11106951963325,2.2001314324421894,5.403318147375115
9.705272038574412,2.599822285476938,0.12572964961857336,2.5866269916945503
7.8722590545263955,6.48838163700466,0.14567996860454624,6.543488606378992
7.310749919557557,7.521031184204606,9.79054117320189,3.2551904008872667
8.04822459032509,4.982655338994762,4.250774794418403,9.036789412024534
2.255386050002487,1.2000057238394735,3.6270297084470826,4.646684009296537
3.572047528680974,3.7399112617746857,2.971787112468399,8.001016317948007
3.4260536523591254,0.9472487616792657,7.259109439987582,9.186252892450344
4.840299594730313,8.113378946040143,5.566388508990573,4.894132619004688
8.923281405182152,3.0978497281633386,0.10661191296060579,9.985638511749537
5.379282942227333,4.657836811887258,8.146655804543377,8.082021882407647
2.148669064472424,9.44155354605663,3.060909923473244,3.28261425203328
7.961853554160362,3.9443195101100925,6.50586684288208,4.888600568608447
4.06623254526837,5.799474106699757,1.0945618752335051,0.6416667019367794
7.606830645006125,7.386536026280237,2.310322143979826,3.4512625620377335
8.005785961546575,6.174881652257255,0.6888577427769094,7.540581663000249
6.510000933579163,8.58706084336048,7.926954144787091,0.2742114652216454
0.399850734193794,5.435221115619502,7.44114231620893,0.4159593763883884
5.950133870994636,1.735585515732192,3.8790176406219903,0.7808505900936402
8.340588303076217,9.111185782779266,8.82593613413415,9.234391476441909
1.8829742455236942,2.0365905369637973,6.250976341602257,2.5561182841683925
1.4405889780741,5.140117952775906,1.188473097412499,1.798366634121673
7.4697690606693286,2.9918161471767446,5.090396745506193,1.5254626805644222
0.5402999942567388,3.630036680097346,0.43586554067082894,4.0793534293013325
9.89774543916348,5.348233109196102,7.9590066390740235,3.8538573062995765
3.2300714035627767,7.726068496157326,9.471895575808674,4.963400325899193
4.2242020703053464,2.05595127232604,3.8250722232918735,9.578964485243793
1.0964903237056556,3.2464440223246047,4.538968817331365,7.3860895253807755
5.349737861966656,3.968768880460183,7.687136688164969,3.8814896689707092
3.2811267099352914,4.4039993746333606,1.7853159516846218,9.06003627236377
3.6839811170322867,7.906621824789788,6.563025916417814,5.024414500533031
7.492931565095442,7.963541780374114,3.1715588334654523,7.6316909844252745
3.5279434590688865,3.387479488649144,9.15799340840864,8.061509028232548
4.2628686769246835,4.8089659783403516,4.929296116219164,7.150848689765297
0.2636128197653764,8.239069422210463,6.657044189125293,4.3288114977277985
1.2011190123532245,1.8393632210300115,1.5030027206006913,6.191239870679571
8.433648260057925,2.4120484630442576,8.10877771147986,7.2520101858301675
2.792398299766906,2.01461794153876,7.38423000098345,7.36628248973311
3.035698819293172,0.9581515124533246,7.533168494722343,4.853273536508734
0.3783323736751065,1.7155885580051244,5.820569299692004,8.4327343781958
0.5800650599593893,0.5359364239089881,7.048021713698708,3.273358669701407
2.4368826388166664,0.5191719486057533,3.1731047359367848,3.466089309698299
5.294217076388587,1.5978574172152549,0.006530499772243736,0.8128159611887964
0.38423612993456535,4.612472569279767,6.643818846025233,4.804439238981379
7.337684278526803,9.912441688028203,3.254272843367265,5.3352242445539275
5.531146408662025,0.5825344929722176,3.6668382168169202,3.911183472010238
4.879783273703097,7.570436122973719,6.5978296529680005,5.875701404889898
2.017649525590255,6.038679790737404,4.021718753277882,5.695158232376062
7.268642009773,2.137808070978482,7.401663760260584,3.421573973081853
8.138131227421463,2.1624747269737252,3.5633694572250785,4.526409777594358
5.319880856864083,2.8272484561153446,9.125864808413297,9.212972372281548
5.7180236039879535,6.364934116072361,8.463174365420631,0.05807383848281389
3.936445341023409,6.272046254114069,3.3849371488479996,8.33811963407902
4.69098205325391,1.10980716225483,9.74026015886342,0.699650539635106
0.5251382494032675,4.6125976351339,5.032010267680345,5.646022554889607
3.9328300040524966,8.404244213156213,5.132501424373068,7.507905138534461
6.248947967522468,0.6028283379064636,5.488202292026289,0.8291270061015721
5.554702175419935,6.99631195919454,1.1710377961037033,8.454901149697829
0.9846368470956912,4.057623296820606,4.221694316026577,5.602112550190153
4.082900546023451,3.2646167557123684,7.112190334245756,1.8473347926776318
0.3322172276332691,8.018397038333696,7.750353214249078,4.935633894354544
1.5880912164931849,3.4838138878318583,8.200102253462042,4.198982634617052
5.286148433872534,3.6415969693096537,4.334931987786503,6.327210774566271
2.03035844397939,5.989775786466719,2.1601829017662952,9.832610336649175
2.5790186046975263,9.14526641771176,7.086112428606839,8.846518686837147
1.7263141393515458,4.337927335807088,0.7126880445703099,7.481548391280187
8.75818768047414,9.338042732049775,0.40888295455427937,4.324063018816093
0.36162463778342535,2.0110762832208087,0.2866358486319187,3.084122689617377
4.039122121452636,2.415469143339525,4.365214483503897,5.470419130876614
6.133810738925205,3.8233623429634633,0.660809788016804,1.1215682151657003
8.708879952427978,3.7838221186531373,8.875670381550783,8.067563476370323
7.173306388645408,1.719603889299568,6.5244465758452606,3.872674552453015
6.570897299605345,3.0851247926483527,5.547967045198279,0.4994377172801323
8.962418449006387,2.772980180328568,0.08314086312162128,4.554372875137266
3.762704582048949,4.368787362345142,5.025784076299167,1.5057156310852504
7.036785180207362,0.6510166228722947,2.330701734936622,3.2310998143274716
4.118236011843564,5.274276075867201,7.613998453254339,9.363900519032196
2.8519622305779793,1.7490901047640384,9.847169852272039,2.1340636384516953
5.968762016251537,6.598767910686424,3.7355128685300376,5.413425342350679
5.415269559302795,7.2838109541000815,5.199578822877475,5.290268505427963
9.595786276795234,6.102046295058841,8.022383572878763,7.499198749277195
3.533755178810236,7.204967923738942,6.569465461566185,6.91591589066789
6.3397857518472165,8.292351363576236,6.789842230454463,8.058820494340821
3.350477661330352,0.052797312249266426,9.420230987110699,1.561637547221042
7.317013216621967,1.0171732053287996,5.046294389809283,4.6583345716926905
7.672624472977986,9.009735713256322,6.055229564538486,7.835407567902827
7.841010261901388,7.476744049575212,2.0104294036792614,8.041230320662113
7.523790045224665,3.144878900226016,4.225312291687196,4.82245434860806
8.099481220801481,0.31170800238765506,4.9880188125652865,1.8819129880533825
4.325449393596957,8.437888015105003,2.9885522409134566,5.118280040249054
5.1032822240954285,5.965812361101886,1.1285941461275995,6.387040747135129
8.876238311049878,7.337267152736414,4.036322406953121,0.5111971299586227
5.122150888625824,4.774619561444257,0.0032897225345085435,7.099845920592347
9.444890623558614,2.0840569020323674,9.178759029547317,3.0829459421246175
9.434756472998844,3.4597359930106766,0.5064978552784416,0.3390015863550655
0.33523672689140693,6.2674140139404555,5.860957047147874,1.7202304314605943
8.150240623980347,1.2667625341185773,1.773536400689859,2.851493406782748
0.9301824955164628,8.61003859047402,9.74815304128035,9.682734847321303
7.45790609964938,1.5703492504639027,5.11695319275136,7.854887406899735
5.031671405689032,8.624422562482083,8.541263804915983,5.536742529858614
9.848803057568773,6.847971775795124,6.427566895202995,3.755772352740445
6.129372056583814,4.530227014984933,7.01763634193905,6.7844860859529295
9.561834942192743,8.86031065930742,8.596067183167724,1.0696904987803935
5.9248736645974285,9.716716911009984,6.7731743201005195,5.510442332909671
5.249568631232239,1.3927626488176692,9.92524377092887,3.485534807835793
7.645501519197215,4.683446108144303,5.158804558000522,6.578866971772874
0.2565071331672897,3.2067686843889467,2.1846409519150054,6.910598776057832
0.24287379787372498,4.834077571134249,8.728380905278728,9.777036734875256
4.649831707095125,1.6709903802727222,2.4719917197371477,4.184452471649464
8.101940419303842,1.1055792176303758,4.41584488526016,2.8967665071480155
2.5079980627978813,3.4994892679664327,3.1173100120281583,6.898994994031522
9.973002956374588,7.670444565130062,8.597850793678658,9.920846401672668
6.0153024779633135,8.640148379526885,9.782754030290064,5.5468084024317275
7.3183268739080845,8.57134043754402,4.556910281723745,8.860602172522876
4.756709969967952,9.367900144368374,5.154120005058562,5.292468055930643
1.119966567177636,1.1440829491075144,2.7399844339910437,6.514996672571604
9.0984425660068,1.81641034134572,7.082838488673648,5.976195978872687
5.608947464587011,9.937521952138923,4.761810625749009,0.3723324012753282
0.6511129434548768,0.6617444405102657,1.7409977314101033,4.77328938529947
9.548133275110594,4.56263297193774,5.360620871621032,6.544400150639589
3.028372955200649,5.130831850359401,2.1695568079393834,1.4556034456960154
2.532123777233646,6.437237695825572,8.605937626273994,0.5177118378587753
2.540068664956825,3.8295599920006085,0.007038631919401572,0.6485501083032175
5.864470653947636,5.225972481547957,7.4136379930947385,5.228660316662107
2.3973838515717114,1.7758724978682483,6.1462902103829355,2.5409890547413685
0.14068718373018152,9.903604907578812,2.4885605903909678,4.872216704798124
5.446944726922479,8.105240629425834,6.013508280045963,7.448432750813639
1.2675117730026653,5.7913495736754586,8.327587737888368,7.371779911182551
4.017098903301116,3.746631478369733,8.33110488853792,6.4322548275981415
9.908393927376208,7.609951394734167,7.660327395667165,3.4459985403258333
5.332972666203052,9.16146990517639,2.393469986000887,9.911909322328041
4.977644030911691,5.764558423932728,8.463237660083827,6.895886572629602
6.21340506392224,8.640338739713462,2.318257208387511,7.5003519937876115
1.3646927113115648,6.200704256442914,4.622766029345648,9.583455943035947
1.7909173504545672,7.420101216878806,9.70849397161795,1.2945729587138688
5.937333315071934,4.186431867263716,6.531326120666108,4.721977685455837
9.709216458441471,1.8530295052160073,8.50471364858636,2.772720564383304
2.0914756675103674,9.061230298479874,1.630834656798661,1.4354893578501604
1.5775588488595083,7.394304823888343,0.35460635828637455,0.19272682775377525
4.442251952362989,2.6749951464456654,9.806192117597,0.2095950579856387
6.189899892612759,6.525185030732712,7.845363066373937,6.139231461855394
7.5866837360776165,0.03799672066735704,8.447925188380287,2.2195199469316016
1.906522787512227,6.648188935630999,2.8110961415044224,1.1678392349730615
4.336959273735302,6.635533890851936,6.736531249465142,2.958822819986432
5.670076499585907,2.8511425022405144,0.7078074767502995,1.4275201301900298
9.231111436682234,8.429978108047187,6.106612017382159,4.339292124226314
3.0691080750815427,0.39199792985005977,0.6493042156328843,6.953291192996678
6.7026056127486955,9.617570211725255,2.396765009713888,6.487210277138774
2.066909245002843,9.543087935278539,8.022822706899735,0.33423950075215036
3.9469909854254626,7.612046299893484,6.4808525236574805,2.247349289120062
6.746438885485566,0.5799742259040519,5.437057594954023,4.673855575546391
9.610604865150025,9.975801088584639,3.6564750834824675,2.966035243761561
7.1834485731230036,8.313062695323126,7.43329589598326,6.7535010950858325
8.521315279379188,7.2620586082723095,8.039966704166757,2.2095872300987973
3.5636871536397265,8.498371926544982,9.122713904737825,4.092697845016654
0.7751854287810345,6.317740983943053,6.354563386376267,5.339116881602956
7.640367088456324,5.810914887208073,5.782894190463926,3.562729199033383
1.5065664536835244,2.952607811811716,7.971359604253687,7.547882961519862
7.559470437348356,0.302752796042155,9.286091526889717,7.010172871078012
4.288388502321371,7.474199091523632,4.051447672263605,4.507492075837355
5.420254165048775,9.814419818786405,9.938100864931785,9.460748026732022
9.091674461735966,3.4860162524059257,2.8670844559134556,3.3767107408972254
5.103368401319904,9.84123851467064,0.36306564316821444,7.886406725741679
9.93197641503833,9.438309605075675,1.9320941073383646,3.9029665156816717
6.5226810320670054,8.94130464346354,8.873148262190922,2.708173501470305
3.492205838382735,2.4223391464099455,1.118246228363704,1.0566276988446544
2.4558188412245308,8.799932238669356,9.388858411117285,7.130963121898805
2.11805213446012,4.135918024167039,1.7680013365788994,5.5102374841220065
4.076802670235269,3.855148584478252,8.086762678254555,5.194547516369093
0.7826224004808247,0.7528133188031372,0.1858136684856404,8.079065015867425
5.52523795480453,3.431144871630046,5.1443505926013255,1.8329105371396204
5.284579111976761,9.59434781346584,6.690071759992181,6.486401016796552
0.3783843351725702,4.960599874562563,4.792904646044727,0.0380966127642568
4.708950431385363,1.1513503111194656,8.995897782755936,3.2444387519071016
0.10973752269569204,4.277020928773583,6.157907972988231,6.442624264479143
9.92164450660584,7.762766008348063,4.637122904482515,9.633092097803708
1.0702515249146938,3.5695541296723188,4.004325442329434,7.377053698159898
4.5646409765897165,5.138394650151945,0.8588419080693943,6.772355027956637
2.6227130819122637,0.869048954597792,7.710458291166821,3.1265488727170085
3.7157553728665227,6.461616145898702,9.664300810953096,1.8829249874854859
2.294502390115701,3.0825659304876285,9.619622296352805,4.581262505680509
5.244915167277519,8.821997301360234,8.618937531485274,9.091503169937607
6.519987413012821,9.31248248385171,6.259277402481558,1.741347907523324
3.050396315139582,2.2484183897973375,1.0684498876389403,0.5624865826316616
9.323289473020344,6.330329630898679,1.1532570533304565,8.196227513685317
1.5343308188413163,2.9835998158618606,2.3359529586218564,6.9662838313994015
0.03259383275858729,5.854595725819996,1.4226132392453172,6.436312089066094
4.972958336849827,1.3598683016997504,1.5335905506304937,4.229105491403502
0.4499018434074553,2.531190063647605,9.89101861817103,6.137999812893369
7.822728381408721,9.892958606651085,1.8270508431555854,7.957911349251875
8.888780983474254,3.6959326025702266,2.4850915947595142,7.498850071734365
0.1412387048913344,0.2996728357440914,5.388888842356624,5.440874252582583
0.6937829310986465,3.40155784569434,1.7615198933767195,2.1233264629149753
6.39556406427026,9.742124041483628,2.0475243675378785,7.455927246783291
8.736416166021913,7.671466316298058,1.8640640703432287,7.281346683251718
2.303867546260203,7.30818422632788,7.821808262731421,7.364457691394792
4.967398318967091,2.4786802861871116,1.6277349119444606,7.1523158201594095
6.4065073415406895,4.931358198689154,6.826783360498718,5.392892409608155
8.765349460969764,9.524991548464007,9.260879889454575,8.64721708683719
1.4338672285214304,6.5948920833224935,3.686257608738611,0.9666278027548303
3.6231750121094786,1.26620060541082,3.445897787244098,8.632669669712243
5.714630817313467,1.361658331525124,3.7024159270350587,8.624085917332772
1.9250415192289394,2.9560595141865473,3.774455092598592,3.137213213455159
4.4313017594807995,1.07406015522311,6.5056898995115695,3.8458069464976163
4.861031908290113,0.5328884277399315,7.678410368378341,7.736525941480123
0.7305206589603641,2.25162910037949,8.051001972240224,3.1837907558755285
3.1531570032768563,8.967740629165212,6.50513955074635,8.926714079248358
8.914502336075241,4.0966284601873575,5.679407657624793,2.790911411206652
8.146465467898217,6.654362454925195,6.278294349473077,0.243677839605545
8.817927161309795,0.77698703623158,7.58226756555452,4.156856187680792
3.2189337301166008,9.85176156661636,0.21201377568526802,8.786899276760828
0.6011982142973993,9.938361256116107,2.3888552655784636,1.2024817044233227
4.904746190674995,6.520352690222576,7.922108556180076,4.737942209954907
5.440963791401866,5.2399763594965,7.749801799740109,2.310605992040716
7.146772444651752,8.619085025243434,7.384123455824199,2.723918231269409
6.377144383667187,9.550219654723938,6.983144942360017,2.576891293784639
5.894154238362947,3.7318406297306463,1.3750975738720284,0.4872865240812452
1.2195596450086277,8.516444191299069,4.07116239906701,7.898365791385525
1.6732960613301584,8.75584506669532,3.5777677546269238,5.115458268741366
7.621299631047869,8.882929232372254,4.428957174538819,3.43799438741914
4.315720815806786,2.1402460628542954,3.850250744803109,5.268921041142138
6.001161163001236,4.020889684036687,5.4875521568506445,6.019451591087879
9.16875230799767,5.430456917119778,5.859947855400222,3.110124262184674
9.77582086244509,6.627859472405413,3.248787944762932,3.307150624487638
5.021862004002379,5.2166025217111525,0.6835758239094203,2.6235737553650584
9.304320966873206,8.177800762771598,6.946814056227431,2.075425946054054
9.982586731898092,2.6600742729136293,8.90351991670724,3.2742544475391133
4.310706978074357,4.552041211840341,2.845501861989294,8.31810928962729
0.1556159598130169,1.860676796882379,4.72968534244267,8.699871875968766
5.036607199594703,5.918049815965278,9.670130381369418,7.259480125337535
4.2739387741579264,4.414153692753869,6.430109662542626,2.4629022319256935
8.573782088689914,4.765604814491171,8.3902622138968,5.313716766684411
4.6867624055736945,7.079227265380541,5.270147195144508,8.137785310277172
5.316116967912872,0.7544652578679534,8.978803522062183,8.40119797822368
9.35593383858585,3.880171956921714,5.123307046066831,6.422675101199208
0.8906019720729919,6.05947672714243,8.995899768889732,5.582707682113633
9.04441918845437,6.250227196888639,9.358163165569788,9.606178108593683
9.449965844496083,4.082787223009152,8.024778055501855,2.719152564201859
4.579169830877481,2.3376159456175802,1.1857103422311566,3.872282140740919
1.9380933429047575,3.276583475052676,3.254706254301184,1.154548474623125
4.845529892891747,0.8360947379495176,4.822994479089676,2.523917219747812
0.8730886582012787,9.073256012684208,7.6306577200718735,8.394378544982043
5.67117544045249,9.497547698508203,0.3862107029612005,0.27789486020383114
7.304137347221756,8.38742981105263,9.971050474548957,2.3900199782952436
5.188069779841943,9.829848747720488,9.950559586965154,7.740024654879938
5.83690462351729,2.8886136145258625,4.888665813109595,0.3816392839527205
6.385773966541014,5.363310002936954,2.508978632775647,1.1525336845348622
0.8233069508433744,6.327083413330086,5.6695132923440985,0.6480006197026411
9.726890626695816,5.423111805439772,1.979689171470801,6.037063294395684
6.8807724644105175,8.187561590555605,5.862281360314309,4.677879653009556
2.902552217509461,6.156361558688085,0.2983289104138853,1.9820560754667527
7.491250470763023,2.8170059694543026,3.4051611391235803,4.243001936095759
0.9380301127170132,6.258590867450382,6.42972238749117,4.486048077686878
6.529706221732056,1.8689813385535115,2.9482130053097846,6.883263219023447
3.817282863281216,1.6811338909729001,5.673324259667401,7.951954872949959
0.4855049354183394,5.398719863644423,1.4130344208163703,4.066955426064149
5.26187718375433,3.6882778583843576,4.21581520896095,5.6476823205201185
8.246616220863794,2.615200916418774,3.1023484404479786,0.3189493762981743
4.182689093042323,8.53055444057479,5.495454409492999,4.406454182399017
0.16792391385769712,2.9222379203606588,0.21852125419922652,3.4825702580994875
2.8024099876686135,5.164716474890457,0.48347567160389016,1.7232779296035927
1.0041554494278082,4.922666786600223,7.079051704492296,6.036551228360603
1.5423180057030494,2.969083589094559,6.57878281233729,7.161147230672789
5.191242459840376,4.668575378693465,6.750411067371978,1.6784134781553262
8.527796414808131,8.42186275331608,4.512558872813647,8.986253467967334
9.823912469072479,0.7569318295258054,6.29193675046284,0.04647791815287072
7.2798079930102695,7.678507655914638,7.799258505850234,4.7127683772034725
7.426113841587471,4.523561653556834,6.673360578001563,2.089448480663348
3.6344379340773427,1.1219158352759295,0.08560021488989267,1.271244121497187
2.7592809185890155,2.307417440040318,4.936205672866176,4.252342036255589
7.517277226598392,1.8917406914518375,2.7079638109805404,3.683251266584977
1.0553878030380792,5.401150871917712,5.623204882407359,3.2226223145979906
2.4256866776313792,2.04472611215932,9.742538406951935,5.456667161203891
6.6635850609073,9.228115478647315,7.666069472218098,9.149927719807376
4.8653207538984855,8.520516326786913,0.9208102576892763,2.940275409335026
6.385712205559039,7.957248738017881,9.463118953848994,8.416454157669417
6.949298601817717,5.701788949375648,1.4905039283888943,2.749195221193693
9.787286884748692,0.741758712292212,4.1343531223507295,1.3668340807462787
1.806960964356733,3.582965414684629,8.774734027086248,0.9400839481656165
2.563379369072223,7.758756123104678,0.3938184730976635,4.731326829092437
3.790079455498611,4.668702772316143,4.320192945265852,6.5440063341285315
8.860603278668357,4.4589890769516245,6.253558849768788,2.7599246300389204
2.9010151508493918,1.302355939194264,1.0504542960065966,8.051653709113356
8.463202318201917,0.6307303600507597,4.580311258634183,2.829584871859204
6.198810666733166,7.634174547205468,6.838767872654493,1.3252910347808566
7.699610104618166,2.597696228461217,5.065429022456742,4.057856240641065
4.026532273577404,2.9259858973445363,4.306751357953978,9.38596504292747
8.552531150335996,1.2278500607270004,1.810162923608869,2.5166439064309696
8.169964706977234,3.3428403828407385,0.6827326747172857,4.783210997684004
4.050429719374504,7.625139443775055,7.254387895546052,1.6416867628138065
1.6011661582405279,1.4510215042064611,3.080815498732262,3.652429913799197
2.4389756694822506,5.86276400393886,5.627559846368552,2.6505135409964273
8.746668134695554,6.305320210736412,6.583910626012852,7.792342577657843
2.1517543896350744,6.857194525810164,3.430496624399284,8.101413242867693
4.66971175616418,5.587439371644056,7.964222427455726,2.8949984361228265
4.182699708115905,8.629820307580747,2.8494729200383775,0.8641008179010401
8.72297128086485,8.120913226952005,8.768279867485036,1.990232639766254
3.380544920448428,5.487192235283887,9.653497166448425,3.4336724011219797
9.019434664739773,2.136307339658945,7.746285225391522,5.144105270340078
7.717338822070467,0.6250999840625049,9.272747924915322,5.274526006583678
3.152043456835395,8.44446597519113,4.836955147245257,3.3323157107921455
4.787023918690937,0.4186256238851105,4.529124578575732,4.201772710977279
4.0147249513241965,4.2686633067101765,6.180134674640257,8.03667005351095
7.105754793458903,3.2872483038505598,8.23302910596886,4.939993970041687
3.4667542701130416,4.6352019935174225,8.300098473597084,9.596057554082126
5.934624881344792,7.640191400584647,3.730099371461005,2.634574584654976
5.581698656308777,8.416612850126468,4.665838589043548,8.549232598670724
6.084787669469637,6.377307318938205,6.040905048404329,2.5744007437198557
1.2295684651636518,7.14691275271618,1.5875326645790688,4.335995510575664
6.9197686322375755,3.1423619578077044,0.1777461131282143,8.656347480494533
2.19232991902342,4.559986924688058,0.04919180778067411,4.854188250395371
9.065703636799222,8.796074701361237,2.5455900374145535,7.708514276070291
3.37015802228351,3.578417382144136,9.89227168585683,5.629903751947244
9.365959821575464,1.714723300096933,7.849023020239441,3.200765656508832
0.7894129687170925,2.841354877484771,2.8610457224346755,8.85617940303142
1.1516966366327142,5.187480567259111,2.6643965015879156,2.6476393250906307
4.2073604192922565,8.297636326147973,8.175852126628055,9.043223970347107
7.82231804903041,7.432268887164457,5.929584584819882,1.7027470349752893
8.981685899238087,4.383465406070424,2.802295384635507,4.696527717476696
1.9408087353077108,5.65126733002706,9.305133276956237,5.29554048031259
3.303226215456423,2.7597973103698656,8.174757181705278,4.928606485750979
9.621215091805482,9.886720004269469,5.369030882524703,2.1422638734488197
6.002206761654229,7.104895166175876,2.116096970597847,3.9285580732602554
8.273744243709103,8.682189037591518,8.909531363405028,2.6355048591090124
4.2157120064881735,4.842819617424406,1.1441958466772928,5.432035903619655
3.8786601519636745,9.693180355252084,1.130487985617844,4.5614612350916985
7.099885642212339,9.954499228772736,3.909475256543896,7.412713556215197
5.3185235669905415,0.3505931281421104,9.98354204620706,6.4146866772389615
2.7157458555140126,7.25598046377965,7.693415127284377,4.008652522838635
7.204541355826962,0.17718966029924288,1.8949538663287668,0.6796714318590269
6.16852020760012,4.066149514449846,8.037372825381858,7.590015034836258
2.5567065373649047,2.7201271184596933,5.427829857402651,9.97241821469514
0.9419303574144089,8.852201350783771,5.496870303222186,2.571896087672668
4.986251793707228,0.15804354398663123,0.5282063519353553,9.687602468577207
8.431371190292346,5.025460060293662,7.502875127016127,3.841353502169076
3.2711361923423734,8.463081722032804,2.3262954134470415,2.9472353489972045
9.205962634393677,1.366039093993714,3.629192599575762,4.802506068695639
7.103403766783146,5.002269865164779,1.182162652962967,8.012364317032981
8.42644683173136,0.3308179213388085,0.9426814584728482,2.285699976250173
8.547925822411436,8.138491362667171,4.7975499881481385,0.8363380695000733
7.617146762682465,1.5392204135630083,9.55062105323665,8.977827772225174
0.8321313336146308,3.0135054010759923,9.00779864793144,8.53039337089805
0.9510762940594564,4.728642804518315,0.1733912236942159,0.22615701601252036
5.618035509604148,9.930061817960498,3.5889471075445356,3.945912060459389
2.1714804426743872,9.37955102150385,9.173863993964023,4.35833834720558
1.5662575109254318,1.3595807508629698,2.4830982547698066,7.099787148008225
7.176846076147143,9.815643244351651,4.192344128779651,5.521468968018218
3.5621794952012245,6.760510378920953,3.802804060556281,8.91183472698056
4.224362391409876,1.8852214324707506,4.406616088165566,2.5312764831020695
2.6942185316343057,8.307075096697393,1.8998077048845574,7.772444643139293
7.4420793966094125,9.802397589721949,4.678778739520295,7.724264864298016
4.257212780921419,7.177406394683128,9.510600583694524,6.405993804406713
2.038007841942112,7.582716379251268,0.516275967846811,0.4674976688015653
1.844764981016206,9.257666307832098,9.113370634086728,1.5741919932527326
0.7077851096941368,7.5380906866082515,5.77198816735149,1.5373262429623447
4.345486710411176,7.614341003228113,1.5560490103575775,7.752982593380098
3.1524124509691074,9.524868569056686,7.465246975965318,6.773313833640745
5.467888731791957,0.09890010253610915,0.46197497402776677,6.75272192912152
5.1466404395478635,6.771988856321128,9.326070284781883,4.617781514697882
3.551671485960093,4.397570459352771,1.6325886300912384,9.147045419093073
5.713224700990111,5.70490276278915,0.2246465146637877,6.565920477147692
7.436665356831625,8.788279693516447,8.857596453229522,5.95033032171794
6.9546093778619875,3.047694089677643,8.064385151622886,2.07058274827593
8.990935880982398,1.1288706433506968,5.8597910332360295,6.311263452652062
4.486612597075133,8.700480576291403,7.8759042278310085,5.109933005665422
1.0565492983385372,6.753409957695538,4.94395959708509,9.053501582495622
2.1922534119461923,1.1568422807922651,2.5861326291322086,7.520837214598592
0.4335209855753208,1.947686672823582,3.4275473009908497,4.432547445029545
6.879402208919593,5.604928504850747,6.44614353366168,5.1713837893949215
8.105182525930346,4.78901050515419,6.059958266352009,5.903439362024487
8.21088853104259,5.349800050193409,0.10063593769090717,5.424322408092559
5.779414002169318,2.902572156982858,1.3424833391277058,7.057815923713321
8.376007158137664,2.3022951729029084,4.6002660396358275,4.812925327990476
0.5754989117918818,7.82748226053339,7.652492387765964,7.6482959060144085
9.019211174359352,7.314362388140296,8.587349307884542,2.4363161732019067
2.1212738216691154,6.731688606571279,3.7087510351414608,9.651918904484548
6.971925166438625,6.482778682892977,3.1289928525323916,6.444841318016613
6.660909283389186,0.040535017535477946,4.539417686473925,5.621723048510246
2.328716445886616,5.783617657815792,2.0108739568932332,3.159833493593328
9.8509453773775,4.492427884002785,7.490446023543277,4.7161792134062805
1.5473314387537096,9.747567411275602,8.188138707255602,7.52034500251283
8.434538430996417,7.628525660308968,2.1059997073448686,0.4564750080414426
0.07263698573823474,9.633251984870142,3.864507456245544,5.756553466298481
2.472487577257713,0.6688172855774954,8.201951821959469,0.5720033897543941
1.9866005025444367,5.761282724255288,3.2892226238923685,0.02526401869101691
4.835629226277391,7.259075011702048,5.851872772226031,3.7695520815448536
3.9581301885999345,6.405218138302962,2.167303438758097,6.49734947732242
8.856766711489579,2.596779955808718,1.0235413097848756,5.3257436548209744
6.245821121503435,0.7590861869346655,2.955547903515221,8.424612151169708
2.186917097724841,8.221296122658032,4.9582970825598895,2.8843146753331217
7.717742179768403,6.573602485230464,4.3823155313567685,3.9972788585916263
6.315360934360102,8.361541750061912,8.753541922736757,6.382889652919433
6.199526521770667,0.04993074326240521,3.0244839353543638,7.125417039506918
1.3488904413982716,1.5023455799797547,8.820648363384137,0.006924618572173857
6.207138698684577,7.35504097503715,7.885829606768722,2.3903571938579624
3.5545463832659117,0.30558510968412,0.4651335932981726,1.0224891629516775
1.5729976064453588,3.396879451024323,7.225155924834917,7.202572975344449
8.259400213122088,9.082716491467638,5.410969335778578,8.612047745341151
4.32496033312158,5.301791243089047,6.259284873051798,2.1872651856133896
7.118631948056954,3.4988089092374928,3.797149604213269,2.36749476460468
1.8666709535270543,6.9636229946546635,6.42590539181827,4.665865218831106
2.6556788552528356,1.246478572942833,5.8254143620982335,8.802054777826068
9.675093390148213,3.9428511393277454,1.219070884589295,4.623822072139614
6.306001448687027,5.501500379135692,5.246167706097297,0.5333780707422842
3.2912269226532365,9.8125281208725,0.8404899128202503,7.4214318776389545
3.766585554650778,0.6230923849132664,7.034285265188362,3.585781887768963
2.783286537139066,6.703443362987407,1.4766274805155333,4.295676196217845
0.961293250822336,7.444870441255702,6.950420018744067,1.3246984362257108
8.017353158911817,4.2379268817529745,2.6975800131054397,2.055323616001923
7.314405997815992,8.124821715935992,4.407322872598583,1.9920636998316354
2.752364753240263,0.5385084443781041,3.08809653364557,9.736330412109504
7.6690167916606,5.450066997406423,4.257590161104239,6.915535552529436
6.834387633858665,9.862553160436956,2.9894169898656964,0.8380437205930324
8.186168070493366,5.021909607038181,1.918019028696869,7.833543490973941
6.649318354347451,0.2259501769111183,3.600621421733331,0.38979111569482416
5.369179493696522,6.948259870567649,1.7050204261986557,2.117427101582088
8.644525831308723,3.75369233508556,8.161031948765809,8.630997881450478
1.9430329163007865,0.13046207726142622,4.67813485675237,8.194924158800788
0.07713174361469899,0.5639578761096675,4.465625502425235,6.102315742877806
7.983179640365284,9.456756757123259,4.209278525123872,1.223856750443445
4.693075295834014,2.984503061456567,1.0155619786728154,9.818229232731097
9.714707034256886,5.774945950437887,9.928680034545215,4.458483194137638
4.442809163745235,8.665217157830917,1.728715163281933,6.2984058516573835
5.644260803928496,0.17308635424836405,2.2853344364290997,2.880703181054387
7.538469946414379,4.746239091614851,3.3370161619441854,0.9734168365308393
7.4485925240233675,4.165144642654701,9.331195948490024,3.065444581854452
5.678420485878273,9.558438076268686,1.0241783923710235,6.178094954092569
0.5906144833558891,5.1505861171186105,1.4958746735864559,7.430625162964998
1.6188204594530187,4.207305454440629,8.994239790742306,0.8090838887018181
6.235760377633374,6.514843781137482,6.696531465911516,4.466223587309541
8.366847483184138,9.134779565766886,5.704384716781351,0.0875400303458651
8.606537493209949,3.0434731008386127,6.906598679541195,2.9736709912264816
4.095102271693628,2.247152278596859,5.72191073267173,0.5077224773137923
2.285381485045941,8.484600022584978,2.6720364136522234,0.20629894735877619
7.850589073845392,8.060601827202312,5.833501641364801,0.6563389734395231
5.928823420237047,5.9372697399427246,0.09191096282987754,0.6703103108387853
7.77142211048821,5.454029096844367,7.277253728092311,3.67605640501522
9.232246581241435,1.7750155730103967,2.013495422271059,3.834527057486825
1.579277048403851,7.564940767945991,0.8882969522508466,3.0295361114249033
3.688913831634273,7.248179712904514,9.94846972981438,9.151714915129409
7.22802805239398,4.886827064052043,5.640313702190529,3.139442226822604
4.589631803223143,9.132871975489568,7.36833571757697,8.630711458284116
0.7424606759005181,9.516205459498488,7.44257023897476,5.40722835574263
5.907713243476399,6.25679795123437,9.888666998713866,2.7467176768112256
9.732972689511893,4.7839945840871545,4.53586309599147,4.2466390891708
6.135496326274842,2.3961967197099243,6.690634096091054,4.275502840781011
8.09540367487939,4.697630045249792,0.1389815445429965,5.151824526367296
2.107722771283548,0.4235932447020452,3.4386458854627877,8.21462339810396
9.96285101533563,7.0863642763698165,2.516700591195682,5.621573216242352
5.74151862784735,7.282064593940596,9.12557833858142,9.29350644275295
4.361137900163806,1.309317039116783,4.8827419224013555,3.451394587966493
3.741689933907313,8.698358470019116,1.2383067362170175,2.5983627046867888
5.761340361911834,8.766490035324443,2.492936739332415,1.8176126546008198
3.241719643601825,4.185856484836227,1.3698373864562152,8.776082999609136
9.240804059257343,4.564844933970347,8.175952849322348,5.083385605661389
2.954685525843436,8.891663416646056,4.563967295754383,4.790972954168926
4.135274154564346,3.0310372412693876,3.8244089765057634,5.999116001888645
8.189641728874815,9.307494563528433,9.400778508529525,7.265257746977211
6.8583765110634785,4.010700431935628,7.207966259315407,5.755715384345947
5.792345458292688,5.0976959983608685,2.406249747888418,1.5291384981696587
8.058039412413638,0.308919544967029,6.911599932819779,0.8455188880066633
3.685551220745029,0.031447793675275504,4.468617500677363,0.25114877719365825
7.205468233008285,8.564183373119455,8.801303632580428,4.260330667389571
8.63782947761041,6.136341723407374,1.953204854297289,4.590332329343197
6.612303716254564,4.455975425917238,7.878299223722004,6.89717367426951
7.942648926889701,1.717024558125566,5.823282524483229,0.3769513945597114
0.9773885663490522,9.75756415295172,0.4664507392653827,1.1230225425231022
8.24232292121698,7.427815108929488,5.800686863617173,7.64004269429329
5.915788083716711,6.612287792592216,6.053311343560166,6.846884117155647
4.486487903703102,6.725849115292627,7.971140473976846,7.871748112591598
0.21155340842609283,9.943773903068022,4.300061273466394,7.773787374555478
6.171355201408836,1.5520208682044045,7.312780435102525,7.738628819595935
8.548664160571457,6.694980457776287,9.075813690220734,1.2534582818831752
6.054345619832908,3.1405262710115114,1.002267226371969,1.2795779491784987
9.416353606018767,9.70461276175376,7.084515514018326,9.376989716222841
8.168723775190301,2.5986358149470123,5.807385692380328,4.048690215408377
9.002405197867887,1.0449572757049819,7.689187836053321,2.448906487360867
5.870888544247706,1.4613866458064784,1.0463591363185332,7.977657183900399
3.650618178403755,3.0398521537574155,1.3182082842752973,4.45272158693204
5.654745221327043,8.670469422273563,4.0173809142410155,9.153403807348619
5.489050632443,4.427647365486105,3.7796672767831376,3.5346047876523876
6.34885779773641,5.928758890093847,1.1404056497568438,8.805066714187067
7.259967841408194,1.8945454234962633,0.16431126390357265,4.442631547350122
1.0458613745877388,9.413244823162707,3.5351161774142503,7.46371662094921
4.391097297937593,2.520288449381347,5.052465376801925,0.7257030921204566
7.382131537927442,9.795352279740175,4.12332959277121,5.480938672618645
0.24375622283572373,4.7384540178447585,9.618874105118739,7.538423810009101
9.120220143159104,5.234852317070661,8.903087742976547,8.073863729881035
3.074847939660442,6.877105584901092,8.530914255143344,4.382481295947603
4.2395898240528265,2.0601455109047864,4.951678049100644,1.2312876346917512
8.321924878114086,3.586773912801877,4.121740318755187,1.930661165341051
0.7053631653972003,9.674230988370658,3.760015550927198,9.370752870384443
1.1366049715757098,0.4306574973591659,4.486932701236219,5.486068096250467
7.439786086357798,2.9103645278128534,8.470406535892614,7.529907388667541
6.05859662263213,3.2828538998148193,9.796901223770787,1.201484519934829
7.9907630436503485,4.420331383470727,9.554853754614903,5.78372667470746
1.9353168053685665,9.754405525334978,2.5146621945144707,5.7399373055603755
2.0579715442195323,4.225160656522066,8.638142246386924,7.2414454096286995
7.372377292410933,0.26355699830499013,8.612318830622252,9.324404711718786
9.075209046799674,3.225242719581437,6.864263711367617,6.746258321526083
4.835373643303428,7.604354392848743,5.28433298548416,6.480826174642377
1.283065906761608,6.78693398890617,2.1854189704732208,8.668680664542512
